,TCI_ret,TCI_vol,top10,logvix
2018-10-31,65.11509816555476,84.72241652151871,25.068084724882826,2.9628047459514537
2018-11-30,70.4840214827336,84.3596825188199,24.31466231532204,2.9647083511158794
2018-12-31,73.63009092979878,84.76603573003449,24.13552493162155,3.2170003763570305
2019-01-31,77.81191460493908,84.864241075051,24.05551267766079,2.9741194292220268
2019-02-28,76.93212341103029,84.18198956378586,23.786314979590507,2.723578139174805
2019-03-31,76.27501680024795,82.74094882817329,24.45528373953303,2.6731300670721847
2019-04-30,74.84193200224374,81.20134782040554,25.149827598445718,2.5610222401256477
2019-05-31,74.12049501657151,79.61626530209166,24.64470513448827,2.8167143372102084
2019-06-30,73.92482646719817,77.87576532277659,24.65273529743208,2.762285821053703
2019-07-31,73.24218391176674,75.85225270015437,24.710208354639,2.588208227544779
2019-08-31,76.03605195266154,77.50275185217298,24.65904966441258,2.9433378946351367
2019-09-30,76.58264423481054,77.25816326760838,24.57785701140848,2.744639241119421
2019-10-31,76.63904240760326,76.10002802576098,25.08377517387201,2.73867780159942
2019-11-30,74.64284478199846,73.47488965574817,25.314150549309677,2.5276068765785995
2019-12-31,73.6013328159481,73.9669304723989,25.63981868560009,2.6215235529836334
2020-01-31,72.45650389273067,73.89224077655373,26.626213716037,2.6348307270489397
2020-02-29,73.2599970378049,73.71758747398853,26.8287897076369,2.9770053827233096
2020-03-31,87.1377619082493,85.19014550968491,28.48573567530716,4.055895070539544
2020-04-30,88.06712807677049,86.09067016888136,29.10132037388366,3.7245797868231003
2020-05-31,87.55807674057868,85.59990513246021,28.78985758260823,3.430659092676029
2020-06-30,87.3153060377574,85.65303742086805,29.92414146285492,3.4378360945472486
2020-07-31,86.8754162120664,85.12381967806581,30.81286313202744,3.289910250177188
2020-08-31,86.26628233589825,84.07802573032693,32.24689823233824,3.1306793309545595
2020-09-30,85.83343169267425,83.47821411927777,30.92970409904187,3.319539614524133
2020-10-31,85.48872424654921,82.91872507571595,30.900354973928252,3.382307964193853
2020-11-30,84.54643007318101,83.01665567730487,30.0083059696684,3.21869581217641
2020-12-31,83.81307918782583,82.40297599331615,30.43086304048417,3.107903636519142
2021-01-31,82.72314571357995,82.01448063037988,30.915047427671688,3.2152693231485214
2021-02-28,82.10925267823876,80.86592979974205,29.876309367064042,3.141585462190551
2021-03-31,81.20334809255523,80.13320890942074,29.186137069148632,3.083882497149798
2021-04-30,79.87726443547297,79.05451401229523,30.057686089568357,2.857400265312299
2021-05-31,79.2168234559599,77.78315185958795,29.22280645565436,2.9836849885005905
2021-06-30,78.50071588080984,76.8339539847803,30.332187495430006,2.8306700035140677
2021-07-31,77.99808306719713,75.09724367086862,30.49015348406397,2.8680882885763124
2021-08-31,76.81207733725901,73.72652184730963,31.15649169367845,2.8609273411665495
2021-09-30,75.92813739394649,72.06330080935834,30.84440926234297,2.986931752286237
2021-10-31,75.44631809024203,70.7384164148124,31.781250679106947,2.883070030248711
2021-11-30,73.89579917375451,67.34464664742852,32.91550313591219,2.9177964748225746
2021-12-31,75.5118744222683,70.43307956736943,31.908832292795058,3.0612646213024464
2022-01-31,74.23641430450925,72.16804051608389,31.64338901487077,3.1433329794297316
2022-02-28,73.63563669124643,76.67923788692819,31.18724818121366,3.2483733093804967
2022-03-31,73.3971170368607,78.20685296483961,32.039882687145386,3.2946767741737912
2022-04-30,72.55399311377556,76.93216410286006,30.24862312923513,3.193496482945715
2022-05-31,77.54680829085393,79.51478359852106,29.23260306326807,3.3825483846453426
2022-06-30,79.94891491802049,79.69989318832005,29.31313842423092,3.3357695769861495
2022-07-31,79.80420569085058,79.41104616955992,30.5453453740352,3.2136019440528347
2022-08-31,78.97540185097101,78.45244890466257,30.111287416084732,3.098720418865099
2022-09-30,79.8833204676325,79.02276346046644,29.97353524112196,3.3107689155427003
2022-10-31,81.48129399176655,79.69408136009604,28.590379099338882,3.401387844073169
2022-11-30,81.68669302250453,79.7199862729919,27.36171154705077,3.1542814365946934
2022-12-31,81.88681205767492,79.59566333963578,26.16424606450535,3.0811888695706444
2023-01-31,81.80720094840498,78.80224577764925,26.976521638244783,3.005831106909677
2023-02-28,80.96424463448227,78.23269515544297,27.59369517955302,2.998832731144465
2023-03-31,80.48618408089014,77.78029375394708,29.62594584670712,3.074744353193477
2023-04-30,79.60211076978715,78.27704446247282,29.959621889881948,2.880203268847788
2023-05-31,79.36429229678566,77.9109945152948,32.47881932211556,2.870400939747897
2023-06-30,78.20965397968658,75.93556360264759,32.65573928389044,2.638649076927838
2023-07-31,76.71534254219173,74.04773059781833,32.78136050767448,2.635049301788762
2023-08-31,75.54876059607635,73.30155979561864,33.23282177075087,2.7634163452789915
2023-09-30,75.45262053190179,71.73402100735639,32.723845395771676,2.723989167031193
2023-10-31,74.5540127247888,71.43397652958184,33.2549446164524,2.9385123621492584
2023-11-30,75.18057897841211,70.60899132311506,33.63954662989124,2.6445524108993963
2023-12-31,75.06334590775757,71.52424279678704,32.95517181549915,2.543057625980131
2024-01-31,74.18819878712412,72.03729945059365,33.38308508579432,2.5948992818406755
2024-02-29,73.94964942876881,70.66089260231534,34.4593198749947,2.6350493154673953
2024-03-31,72.9269877985086,68.55684762609934,34.17781930456242,2.623762377662672
2024-04-30,72.74242751823124,69.32645887899479,34.63562158844803,2.781159828091986
2024-05-31,72.35524587068439,70.31667369602086,35.95765166580435,2.571883303157821
2024-06-30,71.74260148256407,70.22089456525083,37.66113590936161,2.539776867281035
2024-07-31,68.52875532067763,68.49132308034245,36.42549709414518,2.672077544118489
2024-08-31,68.63338584729482,71.3711485594714,36.141632400985216,2.9607407861522557
2024-09-30,68.96508195506134,70.62847075910562,36.34016048872053,2.877455355550826
2024-10-31,67.46421618634375,68.47963744425543,36.52833669389722,2.9937738361569344
2024-11-30,65.15559931398994,65.0369295621072,36.28709976434958,2.7801227730883538
2024-12-31,64.67871143512268,64.68523777958976,38.88092526970927,2.764190467441463
2025-01-31,66.16167234946803,66.58578388284437,37.94289981011955,2.8181594353999135
2025-02-28,63.46770980634964,64.17116588204054,36.67897174181816,2.8362736771326618
2025-03-31,65.51707154919697,67.8001456464921,35.226290471428015,3.0838085680004133
2025-04-30,79.11262939700593,79.28354907733225,35.87050292812512,3.464678803687262
2025-05-31,81.11737550479631,81.00231050647325,37.35485308720628,3.018332101919372
2025-06-30,80.44507978247303,79.45779881974342,38.07817051421081,2.902245438837573
2025-07-31,79.4169248069675,77.20243054482684,39.40380544798471,2.7930873977549964
2025-08-31,78.08476194154211,75.51269330207279,39.29153697371185,2.756840362388273
2025-09-30,76.37650956183676,74.50046390086736,40.234064816154905,2.7583207583884026
2025-10-31,74.38642918272721,72.16197501230984,41.47103230244253,2.895167007323978
2025-11-30,72.97475217159567,70.09608407505338,41.29786389071834,2.9909312994370865
2025-12-31,72.2689094189133,68.44653104834914,40.75793317426958,2.7439437109279963
2026-01-31,69.65332034434067,70.52485626954783,40.187384561378146,2.7754595945975105
2026-02-28,65.58058006711431,70.89647013708664,38.29729812760085,2.956964097921285
2026-03-31,64.03541914142322,71.0603566055509,38.3599714693793,3.2424680592719715
2026-04-30,63.14311033710975,68.70174976492586,40.43476868946157,2.9862830149580906
2026-05-31,62.6521572617396,66.07433473821236,40.77215585211886,2.847066527961902
2026-06-30,59.95851592670461,63.40903855798241,38.02221409836013,2.888173576671181
2026-07-31,57.245313236442165,59.91625108513176,39.20604516485664,2.841945153171866
2026-08-31,54.79016744025658,56.51140944070734,39.31568019946316,2.7232359018355714
