system,dep,conc,fe,var,coef,se,t,p,N,T,within_R2
ret,FROM,hhi_lag_pp,twoway,hhi_lag_pp,0.0077,0.1194,0.0648,0.9485,1034,94,0.046
ret,FROM,hhi_lag_pp,twoway,log_share_lag,-7.6484,1.773,-4.3139,0.0,1034,94,0.046
ret,FROM,hhi_lag_pp,twoway,logvol,-2.4987,1.6373,-1.5261,0.1304,1034,94,0.046
ret,FROM,hhi_lag_pp,sector,hhi_lag_pp,-0.7133,0.1605,-4.4444,0.0,1034,94,0.0961
ret,FROM,hhi_lag_pp,sector,log_share_lag,2.4153,3.5372,0.6828,0.4964,1034,94,0.0961
ret,FROM,hhi_lag_pp,sector,logvol,6.2078,2.1042,2.9502,0.004,1034,94,0.0961
ret,FROM,top3_lag_pp,twoway,top3_lag_pp,-0.0373,0.0795,-0.4695,0.6398,1034,94,0.0467
ret,FROM,top3_lag_pp,twoway,log_share_lag,-7.4216,1.91,-3.8856,0.0002,1034,94,0.0467
ret,FROM,top3_lag_pp,twoway,logvol,-2.2687,1.6996,-1.3349,0.1852,1034,94,0.0467
ret,FROM,top3_lag_pp,sector,top3_lag_pp,-0.4786,0.0938,-5.1019,0.0,1034,94,0.1183
ret,FROM,top3_lag_pp,sector,log_share_lag,2.4268,3.2679,0.7426,0.4596,1034,94,0.1183
ret,FROM,top3_lag_pp,sector,logvol,6.4447,2.0507,3.1427,0.0022,1034,94,0.1183
ret,TO,hhi_lag_pp,twoway,hhi_lag_pp,-0.3348,0.3155,-1.0611,0.2914,1034,94,0.093
ret,TO,hhi_lag_pp,twoway,log_share_lag,-18.8366,4.1107,-4.5823,0.0,1034,94,0.093
ret,TO,hhi_lag_pp,twoway,logvol,-17.9842,3.3338,-5.3945,0.0,1034,94,0.093
ret,TO,hhi_lag_pp,sector,hhi_lag_pp,-1.0885,0.2524,-4.3121,0.0,1034,94,0.0524
ret,TO,hhi_lag_pp,sector,log_share_lag,-5.6831,4.3033,-1.3207,0.1899,1034,94,0.0524
ret,TO,hhi_lag_pp,sector,logvol,4.3058,2.5548,1.6854,0.0953,1034,94,0.0524
ret,TO,top3_lag_pp,twoway,top3_lag_pp,-0.5021,0.2034,-2.4686,0.0154,1034,94,0.1185
ret,TO,top3_lag_pp,twoway,log_share_lag,-16.6113,4.443,-3.7387,0.0003,1034,94,0.1185
ret,TO,top3_lag_pp,twoway,logvol,-14.9475,3.5742,-4.182,0.0001,1034,94,0.1185
ret,TO,top3_lag_pp,sector,top3_lag_pp,-0.9484,0.1313,-7.2241,0.0,1034,94,0.1161
ret,TO,top3_lag_pp,sector,log_share_lag,-5.8559,3.7565,-1.5589,0.1224,1034,94,0.1161
ret,TO,top3_lag_pp,sector,logvol,4.7724,2.4094,1.9808,0.0506,1034,94,0.1161
ret,NET,hhi_lag_pp,twoway,hhi_lag_pp,-0.3425,0.2013,-1.7013,0.0922,1034,94,0.1182
ret,NET,hhi_lag_pp,twoway,log_share_lag,-11.1882,2.5492,-4.3888,0.0,1034,94,0.1182
ret,NET,hhi_lag_pp,twoway,logvol,-15.4854,1.9502,-7.9403,0.0,1034,94,0.1182
ret,NET,hhi_lag_pp,sector,hhi_lag_pp,-0.3752,0.1918,-1.9563,0.0534,1034,94,0.0505
ret,NET,hhi_lag_pp,sector,log_share_lag,-8.0984,2.4144,-3.3542,0.0012,1034,94,0.0505
ret,NET,hhi_lag_pp,sector,logvol,-1.902,0.683,-2.7848,0.0065,1034,94,0.0505
ret,NET,top3_lag_pp,twoway,top3_lag_pp,-0.4648,0.1299,-3.5785,0.0006,1034,94,0.167
ret,NET,top3_lag_pp,twoway,log_share_lag,-9.1896,2.7149,-3.3849,0.001,1034,94,0.167
ret,NET,top3_lag_pp,twoway,logvol,-12.6788,2.1157,-5.9926,0.0,1034,94,0.167
ret,NET,top3_lag_pp,sector,top3_lag_pp,-0.4699,0.1008,-4.6621,0.0,1034,94,0.1178
ret,NET,top3_lag_pp,sector,log_share_lag,-8.2826,2.347,-3.5291,0.0007,1034,94,0.1178
ret,NET,top3_lag_pp,sector,logvol,-1.6723,0.6091,-2.7456,0.0072,1034,94,0.1178
ret,d_FROM,d_hhi,FD+time,d_hhi_lag_pp,0.0711,0.0786,0.9047,0.368,1023,93,0.0129
ret,d_FROM,d_hhi,FD+time,d_log_share_lag,-5.0407,3.5415,-1.4233,0.158,1023,93,0.0129
ret,d_FROM,d_hhi,FD+time,d_logvol,0.7801,0.8077,0.9659,0.3366,1023,93,0.0129
ret,d_TO,d_hhi,FD+time,d_hhi_lag_pp,-0.0201,0.1751,-0.1147,0.9089,1023,93,0.0101
ret,d_TO,d_hhi,FD+time,d_log_share_lag,-8.3534,4.8136,-1.7354,0.086,1023,93,0.0101
ret,d_TO,d_hhi,FD+time,d_logvol,-0.3219,1.2062,-0.2669,0.7902,1023,93,0.0101
ret,d_NET,d_hhi,FD+time,d_hhi_lag_pp,-0.0912,0.1173,-0.7769,0.4392,1023,93,0.0076
ret,d_NET,d_hhi,FD+time,d_log_share_lag,-3.3127,2.0448,-1.62,0.1086,1023,93,0.0076
ret,d_NET,d_hhi,FD+time,d_logvol,-1.102,0.5716,-1.9281,0.0569,1023,93,0.0076
vol,FROM,hhi_lag_pp,twoway,hhi_lag_pp,0.0092,0.0621,0.1487,0.8821,1034,94,0.0152
vol,FROM,hhi_lag_pp,twoway,log_share_lag,-1.1772,1.827,-0.6443,0.5209,1034,94,0.0152
vol,FROM,hhi_lag_pp,twoway,logvol,-3.2465,1.2886,-2.5194,0.0135,1034,94,0.0152
vol,FROM,hhi_lag_pp,sector,hhi_lag_pp,-0.6955,0.1667,-4.1729,0.0001,1034,94,0.1952
vol,FROM,hhi_lag_pp,sector,log_share_lag,10.3927,3.6091,2.8796,0.0049,1034,94,0.1952
vol,FROM,hhi_lag_pp,sector,logvol,7.0496,1.567,4.4987,0.0,1034,94,0.1952
vol,FROM,top3_lag_pp,twoway,top3_lag_pp,0.0008,0.0406,0.0194,0.9845,1034,94,0.0152
vol,FROM,top3_lag_pp,twoway,log_share_lag,-1.1643,1.8869,-0.6171,0.5387,1034,94,0.0152
vol,FROM,top3_lag_pp,twoway,logvol,-3.2501,1.2263,-2.6503,0.0095,1034,94,0.0152
vol,FROM,top3_lag_pp,sector,top3_lag_pp,-0.4582,0.0882,-5.1962,0.0,1034,94,0.2214
vol,FROM,top3_lag_pp,sector,log_share_lag,10.4112,3.4795,2.9922,0.0035,1034,94,0.2214
vol,FROM,top3_lag_pp,sector,logvol,7.2765,1.4972,4.86,0.0,1034,94,0.2214
vol,TO,hhi_lag_pp,twoway,hhi_lag_pp,-0.2497,0.3721,-0.6711,0.5038,1034,94,0.0432
vol,TO,hhi_lag_pp,twoway,log_share_lag,-2.6834,4.7377,-0.5664,0.5725,1034,94,0.0432
vol,TO,hhi_lag_pp,twoway,logvol,-18.3729,4.9473,-3.7137,0.0003,1034,94,0.0432
vol,TO,hhi_lag_pp,sector,hhi_lag_pp,-0.9099,0.4254,-2.1389,0.0351,1034,94,0.0571
vol,TO,hhi_lag_pp,sector,log_share_lag,10.5419,4.5163,2.3342,0.0217,1034,94,0.0571
vol,TO,hhi_lag_pp,sector,logvol,5.0201,2.0478,2.4515,0.0161,1034,94,0.0571
vol,TO,top3_lag_pp,twoway,top3_lag_pp,-0.397,0.1901,-2.0888,0.0395,1034,94,0.0578
vol,TO,top3_lag_pp,twoway,log_share_lag,-0.8958,4.7641,-0.188,0.8513,1034,94,0.0578
vol,TO,top3_lag_pp,twoway,logvol,-15.9699,5.031,-3.1743,0.002,1034,94,0.0578
vol,TO,top3_lag_pp,sector,top3_lag_pp,-0.8195,0.1803,-4.5455,0.0,1034,94,0.105
vol,TO,top3_lag_pp,sector,log_share_lag,10.3742,4.1561,2.4962,0.0143,1034,94,0.105
vol,TO,top3_lag_pp,sector,logvol,5.4229,1.8838,2.8787,0.005,1034,94,0.105
vol,NET,hhi_lag_pp,twoway,hhi_lag_pp,-0.2589,0.3469,-0.7464,0.4573,1034,94,0.0363
vol,NET,hhi_lag_pp,twoway,log_share_lag,-1.5062,3.7773,-0.3988,0.691,1034,94,0.0363
vol,NET,hhi_lag_pp,twoway,logvol,-15.1264,4.8071,-3.1467,0.0022,1034,94,0.0363
vol,NET,hhi_lag_pp,sector,hhi_lag_pp,-0.2144,0.2782,-0.7707,0.4428,1034,94,0.0067
vol,NET,hhi_lag_pp,sector,log_share_lag,0.1492,3.0847,0.0484,0.9615,1034,94,0.0067
vol,NET,hhi_lag_pp,sector,logvol,-2.0295,0.9005,-2.2539,0.0266,1034,94,0.0067
vol,NET,top3_lag_pp,twoway,top3_lag_pp,-0.3978,0.1712,-2.3229,0.0224,1034,94,0.0538
vol,NET,top3_lag_pp,twoway,log_share_lag,0.2685,3.6836,0.0729,0.9421,1034,94,0.0538
vol,NET,top3_lag_pp,twoway,logvol,-12.7198,5.0351,-2.5262,0.0132,1034,94,0.0538
vol,NET,top3_lag_pp,sector,top3_lag_pp,-0.3613,0.1149,-3.1456,0.0022,1034,94,0.0272
vol,NET,top3_lag_pp,sector,log_share_lag,-0.037,2.9079,-0.0127,0.9899,1034,94,0.0272
vol,NET,top3_lag_pp,sector,logvol,-1.8535,0.8828,-2.0996,0.0385,1034,94,0.0272
vol,d_FROM,d_hhi,FD+time,d_hhi_lag_pp,0.0256,0.0421,0.6075,0.545,1023,93,0.0006
vol,d_FROM,d_hhi,FD+time,d_log_share_lag,-0.6898,1.4278,-0.4831,0.6302,1023,93,0.0006
vol,d_FROM,d_hhi,FD+time,d_logvol,-0.1701,0.6309,-0.2696,0.7881,1023,93,0.0006
vol,d_TO,d_hhi,FD+time,d_hhi_lag_pp,0.4624,0.3036,1.5232,0.1311,1023,93,0.0108
vol,d_TO,d_hhi,FD+time,d_log_share_lag,-11.6182,4.9455,-2.3493,0.021,1023,93,0.0108
vol,d_TO,d_hhi,FD+time,d_logvol,-1.4081,2.2502,-0.6258,0.533,1023,93,0.0108
vol,d_NET,d_hhi,FD+time,d_hhi_lag_pp,0.4368,0.3048,1.4331,0.1552,1023,93,0.01
vol,d_NET,d_hhi,FD+time,d_log_share_lag,-10.9284,4.8552,-2.2509,0.0268,1023,93,0.01
vol,d_NET,d_hhi,FD+time,d_logvol,-1.238,2.0187,-0.6133,0.5412,1023,93,0.01
