,rolling_TCI
2019-07-18,77.14896201589467
2019-07-19,77.1788877661807
2019-07-22,77.22141885077328
2019-07-23,77.2460461349984
2019-07-24,77.31739506716634
2019-07-25,77.39653921616303
2019-07-26,77.47239106821579
2019-07-29,77.02404493162034
2019-07-30,76.28214865088475
2019-07-31,76.30395532517286
2019-08-01,76.22683852983552
2019-08-02,76.00405676131264
2019-08-05,76.82381753907897
2019-08-06,76.77781300616256
2019-08-07,76.8504018450427
2019-08-08,77.21423554828453
2019-08-09,77.24738626306817
2019-08-12,77.68799470962894
2019-08-13,77.71908259697746
2019-08-14,78.04656865006449
2019-08-15,78.23838620295292
2019-08-16,78.17728266766322
2019-08-19,78.47440339709047
2019-08-20,78.5515415761085
2019-08-21,78.50402796332467
2019-08-22,78.58047869209113
2019-08-23,78.852748438788
2019-08-26,78.69244997605797
2019-08-27,78.72791190627413
2019-08-28,78.77487569918345
2019-08-29,78.84331332334324
2019-08-30,78.90821485284094
2019-09-03,78.78830008131109
2019-09-04,78.95163409024292
2019-09-05,78.70978015319616
2019-09-06,78.84683109911612
2019-09-09,78.64531179203868
2019-09-10,78.64493450764516
2019-09-11,78.65384076780498
2019-09-12,78.64648429471765
2019-09-13,78.60728970743551
2019-09-16,78.331491181384
2019-09-17,78.367309287424
2019-09-18,78.41729512011652
2019-09-19,78.4261850101176
2019-09-20,78.1601895487356
2019-09-23,78.38073393036744
2019-09-24,78.11257223287495
2019-09-25,78.18169798983705
2019-09-26,78.16975520526749
2019-09-27,78.27643514588445
2019-09-30,78.30696760556435
2019-10-01,78.40458022160274
2019-10-02,78.14189868160646
2019-10-03,78.25517657064584
2019-10-04,78.13182475670266
2019-10-07,78.01369152726272
2019-10-08,78.10155514587576
2019-10-09,76.7582562397347
2019-10-10,74.80551398989832
2019-10-11,74.79352478261912
2019-10-14,74.84689741657421
2019-10-15,74.75363077606248
2019-10-16,74.87782156881931
2019-10-17,74.8681128447528
2019-10-18,73.940399039831
2019-10-21,74.05051703749855
2019-10-22,73.80916055284457
2019-10-23,73.8141905344458
2019-10-24,73.76909260705665
2019-10-25,73.63110852314499
2019-10-28,73.58437498674411
2019-10-29,73.32008298443719
2019-10-30,73.3358444812282
2019-10-31,73.21219529456862
2019-11-01,73.12732009747442
2019-11-04,72.91216657940754
2019-11-05,72.9737114430268
2019-11-06,73.0495807250547
2019-11-07,73.1242339560307
2019-11-08,73.22835740661016
2019-11-11,73.3504717377662
2019-11-12,73.25271561524244
2019-11-13,73.34297709411173
2019-11-14,73.3747435870743
2019-11-15,73.35046144772097
2019-11-18,73.32586176710188
2019-11-19,73.30417360411792
2019-11-20,73.36366916319356
2019-11-21,73.33250446782746
2019-11-22,73.33372190466538
2019-11-25,73.26955388415118
2019-11-26,73.29667458321752
2019-11-27,73.34691617850346
2019-11-29,73.32214858608576
2019-12-02,73.33596918107168
2019-12-03,73.33268892224538
2019-12-04,73.40872570569773
2019-12-05,73.45189094769667
2019-12-06,73.5023588219082
2019-12-09,73.47646008914609
2019-12-10,73.49126358798621
2019-12-11,73.48918429937879
2019-12-12,73.40978731089287
2019-12-13,73.41335892877117
2019-12-16,73.48693166712367
2019-12-17,73.45217252257487
2019-12-18,73.3313454416812
2019-12-19,73.32321302785152
2019-12-20,73.06203563379103
2019-12-23,73.05556701622312
2019-12-24,73.01643944288315
2019-12-26,73.03462238172695
2019-12-27,73.05136956874104
2019-12-30,73.12272442567648
2019-12-31,73.21456803511032
2020-01-02,73.14729776772313
2020-01-03,73.11757170599525
2020-01-06,72.76746222070011
2020-01-07,72.80274249056798
2020-01-08,72.71342994242325
2020-01-09,72.7547942413521
2020-01-10,72.84006008677564
2020-01-13,72.81927397785829
2020-01-14,72.90153417614248
2020-01-15,72.96868335190639
2020-01-16,73.07205275851184
2020-01-17,73.11074254821901
2020-01-21,73.07918237178902
2020-01-22,73.044720263821
2020-01-23,73.02952369414545
2020-01-24,73.18687747925767
2020-01-27,73.54508240963
2020-01-28,73.65729337277092
2020-01-29,73.6623191493698
2020-01-30,73.74514820225137
2020-01-31,74.0747332120619
2020-02-03,73.91936393863298
2020-02-04,73.8669967438845
2020-02-05,73.84319621907395
2020-02-06,73.77869388933732
2020-02-07,73.96179527592066
2020-02-10,74.01331312685794
2020-02-11,74.01883475844967
2020-02-12,73.99116570772112
2020-02-13,73.8874114817871
2020-02-14,73.9470752924683
2020-02-18,73.7781130601949
2020-02-19,73.71097715748793
2020-02-20,73.30399348166016
2020-02-21,73.30790005974549
2020-02-24,74.59791852607121
2020-02-25,75.82169121619755
2020-02-26,75.90072152101794
2020-02-27,78.55064321576543
2020-02-28,78.50173031837863
2020-03-02,79.91332638745949
2020-03-03,79.99761682626381
2020-03-04,80.58951371526717
2020-03-05,80.8856605396446
2020-03-06,81.25150965518493
2020-03-09,83.76830412946457
2020-03-10,84.36858800252827
2020-03-11,85.07003909527116
2020-03-12,86.7771897688903
2020-03-13,87.52375592709126
2020-03-16,87.96338747906844
2020-03-17,88.27551145372469
2020-03-18,88.21724318362286
2020-03-19,87.76300337302018
2020-03-20,88.12131947909944
2020-03-23,88.01224928495799
2020-03-24,88.17034789484806
2020-03-25,88.05857217800582
2020-03-26,88.14053534092433
2020-03-27,88.09527437129456
2020-03-30,88.1800869079881
2020-03-31,88.14098501639106
2020-04-01,88.2230176475738
2020-04-02,88.22165279608552
2020-04-03,88.17177237692462
2020-04-06,88.23046956520906
2020-04-07,88.19450203790343
2020-04-08,88.1931265714577
2020-04-09,88.16874580604085
2020-04-13,88.11357036396323
2020-04-14,88.04492072644346
2020-04-15,88.08509472443471
2020-04-16,88.0793009863001
2020-04-17,88.02869670350853
2020-04-20,87.98850166886899
2020-04-21,87.96271686615445
2020-04-22,87.94822629067426
2020-04-23,87.92528056080795
2020-04-24,87.92095051594471
2020-04-27,87.94234045455109
2020-04-28,87.8873209806729
2020-04-29,87.77507776785615
2020-04-30,87.7426335975003
2020-05-01,87.73545348189117
2020-05-04,87.73143506949627
2020-05-05,87.72179711795481
2020-05-06,87.7098715110697
2020-05-07,87.7120028955166
2020-05-08,87.71902166049935
2020-05-11,87.71929176920334
2020-05-12,87.68754815085339
2020-05-13,87.71141955540912
2020-05-14,87.70341572197827
2020-05-15,87.7116272711275
2020-05-18,87.67719691413649
2020-05-19,87.74242735428166
2020-05-20,87.7367974868305
2020-05-21,87.73866013302514
2020-05-22,87.72974608359026
2020-05-26,87.68887934111163
2020-05-27,87.68439308000897
2020-05-28,87.65515875848995
2020-05-29,87.63962702633299
2020-06-01,87.63116143219776
2020-06-02,87.62310093018479
2020-06-03,87.58935314110637
2020-06-04,87.57742550626358
2020-06-05,87.62181948635083
2020-06-08,87.62191730474778
2020-06-09,87.59898545211345
2020-06-10,87.55006476332925
2020-06-11,87.6961992533117
2020-06-12,87.65031137764153
2020-06-15,87.65264229261712
2020-06-16,87.65585369097921
2020-06-17,87.67360594656103
2020-06-18,87.67688826319964
2020-06-19,87.68385553080385
2020-06-22,87.67441000229209
2020-06-23,87.68763262205574
2020-06-24,87.70154624499409
2020-06-25,87.69242382959918
2020-06-26,87.67240736996233
2020-06-29,87.660864589087
2020-06-30,87.67678863384019
2020-07-01,87.64095162357506
2020-07-02,87.62705026272576
2020-07-06,87.60236193718735
2020-07-07,87.58081871982634
2020-07-08,87.56667557269279
2020-07-09,87.55795401573108
2020-07-10,87.55032339921217
2020-07-13,87.54730194269646
2020-07-14,87.53866638965883
2020-07-15,87.52180428641238
2020-07-16,87.51834571228129
2020-07-17,87.50339840417259
2020-07-20,87.46988443482836
2020-07-21,87.4346625322629
2020-07-22,87.43161705294857
2020-07-23,87.41820332263251
2020-07-24,87.41163597719186
2020-07-27,87.3996352935958
2020-07-28,87.37978616167287
2020-07-29,87.3814008066489
2020-07-30,87.36772303382322
2020-07-31,87.35754639758676
2020-08-03,87.34935313857618
2020-08-04,87.36111123270854
2020-08-05,87.35800480906083
2020-08-06,87.33943016728414
2020-08-07,87.32682063082417
2020-08-10,87.30433585575962
2020-08-11,87.33145152506614
2020-08-12,87.33410374474343
2020-08-13,87.33703702615007
2020-08-14,87.33631283020031
2020-08-17,87.3296660419283
2020-08-18,87.34214030333716
2020-08-19,87.35746746972494
2020-08-20,87.34953470744959
2020-08-21,87.34992919625473
2020-08-24,87.34943110143958
2020-08-25,87.33196150812373
2020-08-26,87.29564729491109
2020-08-27,87.27703591816515
2020-08-28,87.28986603341977
2020-08-31,87.2916861047818
2020-09-01,87.27828673524023
2020-09-02,87.23762676934605
2020-09-03,87.22531756977831
2020-09-04,87.2058519906293
2020-09-08,87.2302700802149
2020-09-09,87.21730830210903
2020-09-10,87.23778714765658
2020-09-11,87.23369000619549
2020-09-14,87.22955754660664
2020-09-15,87.21876067787422
2020-09-16,87.20046017117778
2020-09-17,87.19098676129492
2020-09-18,87.18373089197914
2020-09-21,87.15754848488501
2020-09-22,87.1465681940158
2020-09-23,87.21509011375686
2020-09-24,87.20887868376911
2020-09-25,87.20749811508414
2020-09-28,87.2299758065911
2020-09-29,87.22598236250323
2020-09-30,87.22628957985329
2020-10-01,87.2033297992517
2020-10-02,87.16700478688672
2020-10-05,87.1577370607473
2020-10-06,87.14075021454553
2020-10-07,87.14195029323768
2020-10-08,87.13555717395208
2020-10-09,87.12850639996329
2020-10-12,87.12260166600252
2020-10-13,87.12076145153056
2020-10-14,87.1174537832841
2020-10-15,87.13691754459431
2020-10-16,87.13405040993348
2020-10-19,87.1417777034594
2020-10-20,87.14089293897861
2020-10-21,87.12896053047744
2020-10-22,87.13245362843317
2020-10-23,87.15055098397335
2020-10-26,87.15768699577954
2020-10-27,87.14995076864462
2020-10-28,87.17022116561435
2020-10-29,87.1482701884899
2020-10-30,87.14324789559147
2020-11-02,87.16335137288326
2020-11-03,87.15101903688294
2020-11-04,87.0250309868975
2020-11-05,87.06758109386917
2020-11-06,87.04677905901097
2020-11-09,86.89889203714598
2020-11-10,86.9316015312881
2020-11-11,86.9138031719149
2020-11-12,86.91221743199479
2020-11-13,86.92465955631856
2020-11-16,86.90666707562346
2020-11-17,86.91516895611656
2020-11-18,86.92768011808074
2020-11-19,86.92802570348071
2020-11-20,86.92951882299015
2020-11-23,86.90585721491505
2020-11-24,86.892884924599
2020-11-25,86.88413671476746
2020-11-27,86.88143983461119
2020-11-30,86.8638141221278
2020-12-01,86.8788966429056
2020-12-02,86.88454608726579
2020-12-03,86.8902658664153
2020-12-04,86.82683552721657
2020-12-07,86.75731007032346
2020-12-08,86.75794898874611
2020-12-09,86.68947311715262
2020-12-10,86.70519148771358
2020-12-11,86.60993796738612
2020-12-14,86.63900790716728
2020-12-15,86.65493959248903
2020-12-16,86.64384113278258
2020-12-17,86.62612687106503
2020-12-18,86.0664655565916
2020-12-21,86.09122602155577
2020-12-22,85.98519645683236
2020-12-23,85.20960975708402
2020-12-24,84.70074811306023
2020-12-28,83.9398069339152
2020-12-29,83.91715218940443
2020-12-30,83.60656089247541
2020-12-31,83.99775766640066
2021-01-04,83.762901808964
2021-01-05,83.47626478247994
2021-01-06,82.22006577887032
2021-01-07,82.2528238982436
2021-01-08,81.81407741167864
2021-01-11,81.94032788128257
2021-01-12,81.86692562571315
2021-01-13,81.95342608172604
2021-01-14,81.26162906570508
2021-01-15,81.22848769195544
2021-01-19,81.28054237707828
2021-01-20,80.17676067687826
2021-01-21,80.25650678091125
2021-01-22,80.11121436043877
2021-01-25,80.18125084252216
2021-01-26,80.15714592816738
2021-01-27,80.15659300302724
2021-01-28,79.97701616618043
2021-01-29,80.24427598636453
2021-02-01,79.96737685624736
2021-02-02,79.75063535206947
2021-02-03,79.36720426175816
2021-02-04,79.38650805256776
2021-02-05,79.47878298437772
2021-02-08,79.4341134262264
2021-02-09,79.38834488892485
2021-02-10,79.48195283645147
2021-02-11,79.70509120252987
2021-02-12,79.67187929182249
2021-02-16,79.25757247014764
2021-02-17,79.30312753646332
2021-02-18,79.33174049197432
2021-02-19,79.19465642778157
2021-02-22,79.15887476182785
2021-02-23,79.00732193882442
2021-02-24,79.05108199990553
2021-02-25,79.12464692513808
2021-02-26,79.00992248117274
2021-03-01,79.1306709835227
2021-03-02,79.16169123779929
2021-03-03,78.73016479637721
2021-03-04,78.57112076047734
2021-03-05,78.70466896992716
2021-03-08,78.64504295865225
2021-03-09,78.5216083288853
2021-03-10,78.54138720336879
2021-03-11,78.50228712530931
2021-03-12,78.63433524417644
2021-03-15,78.64535611536448
2021-03-16,78.63981894373848
2021-03-17,78.56446907391336
2021-03-18,78.64510618780197
2021-03-19,78.63354891503636
2021-03-22,78.26700971328108
2021-03-23,78.10840506215291
2021-03-24,77.90902662005374
2021-03-25,77.99573305469859
2021-03-26,75.4727104685806
2021-03-29,75.45885475352641
2021-03-30,75.36030605341261
2021-03-31,75.0519261326611
2021-04-01,74.93080907972696
2021-04-05,74.96844355166567
2021-04-06,75.01817072874789
2021-04-07,74.99215865078814
2021-04-08,74.98017445509663
2021-04-09,74.3005324425765
2021-04-12,74.34302555575299
2021-04-13,73.97549539137957
2021-04-14,73.97738844913354
2021-04-15,73.804975675583
2021-04-16,73.93951508084862
2021-04-19,73.99535613515037
2021-04-20,73.940580131504
2021-04-21,73.93751708336814
2021-04-22,74.09586475572463
2021-04-23,73.9929691674542
2021-04-26,73.9177391134624
2021-04-27,74.00594150156165
2021-04-28,73.85940516920888
2021-04-29,73.84380692438486
2021-04-30,73.81100109897746
2021-05-03,73.87367033119791
2021-05-04,73.98012491416144
2021-05-05,74.02005887830627
2021-05-06,74.05826888813327
2021-05-07,74.13966977414131
2021-05-10,74.03124920698781
2021-05-11,74.18554446400718
2021-05-12,74.67795562924321
2021-05-13,74.6484187201112
2021-05-14,74.72955521603079
2021-05-17,74.71741606372306
2021-05-18,74.89924410655325
2021-05-19,74.94552428422799
2021-05-20,75.10055274823843
2021-05-21,75.1642857961851
2021-05-24,75.24348655389416
2021-05-25,75.3232150700028
2021-05-26,75.30349212803193
2021-05-27,75.19874571660567
2021-05-28,75.17932131686494
2021-06-01,75.01962503180431
2021-06-02,75.03915908754658
2021-06-03,75.05161548465225
2021-06-04,75.06736027575357
2021-06-07,75.08989097197482
2021-06-08,75.07306338785031
2021-06-09,75.0240639134545
2021-06-10,74.92703655424698
2021-06-11,75.06445194415704
2021-06-14,75.07541056071265
2021-06-15,75.03343066293118
2021-06-16,75.11343695082043
2021-06-17,75.09178723508393
2021-06-18,75.11868944966069
2021-06-21,74.89817530489815
2021-06-22,74.8372574990759
2021-06-23,74.37129603609523
2021-06-24,74.28547783018718
2021-06-25,73.96817908790139
2021-06-28,74.02518590997805
2021-06-29,73.89859533568267
2021-06-30,73.94902484498442
2021-07-01,74.03430588041957
2021-07-02,73.94822038456022
2021-07-06,73.69237780946312
2021-07-07,73.39990669323164
2021-07-08,73.51197110191619
2021-07-09,72.94464093243515
2021-07-12,73.0503942913103
2021-07-13,72.88345090083818
2021-07-14,72.6123462379464
2021-07-15,72.48322353905188
2021-07-16,72.45742321125608
2021-07-19,72.9003739286537
2021-07-20,73.37036391858885
2021-07-21,73.1074813701456
2021-07-22,72.9462759715878
2021-07-23,72.8294941892223
2021-07-26,72.7512090214502
2021-07-27,72.69298479858742
2021-07-28,72.57673347595937
2021-07-29,72.50598870019445
2021-07-30,72.47844791567127
2021-08-02,72.43766618700393
2021-08-03,72.5123208591398
2021-08-04,72.25199504485414
2021-08-05,72.2419569646113
2021-08-06,72.19084415392973
2021-08-09,72.22013194226233
2021-08-10,72.13086812211439
2021-08-11,71.61839977820289
2021-08-12,71.653177600932
2021-08-13,69.77103014005618
2021-08-16,69.82622305049895
2021-08-17,69.63330558327986
2021-08-18,69.34679853016331
2021-08-19,68.79036497800008
2021-08-20,69.67883741143729
2021-08-23,69.29899712192265
2021-08-24,69.31771114502092
2021-08-25,69.48032366835233
2021-08-26,69.71001873309469
2021-08-27,69.97017003366614
2021-08-30,69.60739876189254
2021-08-31,68.96533150140324
2021-09-01,68.61770404521025
2021-09-02,68.5020709286859
2021-09-03,68.12125711889648
2021-09-07,68.17931825898229
2021-09-08,67.99765731218643
2021-09-09,68.12195061191719
2021-09-10,68.30981818714965
2021-09-13,68.22257098132265
2021-09-14,68.39554445988118
2021-09-15,68.49454361026352
2021-09-16,68.21498556214702
2021-09-17,68.63422759632977
2021-09-20,69.00498199313589
2021-09-21,68.92183158885983
2021-09-22,69.05308741757163
2021-09-23,69.06739843826156
2021-09-24,69.00930592200734
2021-09-27,68.99275410498511
2021-09-28,69.68007111764045
2021-09-29,69.59689298193791
2021-09-30,69.60845570239073
2021-10-01,69.62470254039668
2021-10-04,69.47280136510803
2021-10-05,69.40385980184806
2021-10-06,69.39846643137615
2021-10-07,69.42593877364571
2021-10-08,69.43222284014496
2021-10-11,69.41303721643729
2021-10-12,69.32440121408386
2021-10-13,69.3414295808256
2021-10-14,69.60329671731363
2021-10-15,69.54190359557988
2021-10-18,69.18099327972018
2021-10-19,69.16400964124202
2021-10-20,69.50258784452211
2021-10-21,69.53473103348159
2021-10-22,69.32934980017616
2021-10-25,69.37494748335993
2021-10-26,69.57364488205218
2021-10-27,69.83257709939353
2021-10-28,70.04806968017397
2021-10-29,70.05982622895793
2021-11-01,70.1340336513696
2021-11-02,70.139232051886
2021-11-03,70.11466308468435
2021-11-04,69.96224558827113
2021-11-05,69.92173130129314
2021-11-08,70.06552360872105
2021-11-09,68.96660180798246
2021-11-10,68.96865853683136
2021-11-11,68.277693635199
2021-11-12,68.15146312915034
2021-11-15,68.0048984861612
2021-11-16,68.03121695076631
2021-11-17,67.95785570827302
2021-11-18,67.89415651215647
2021-11-19,67.85683314653159
2021-11-22,67.73346474043105
2021-11-23,67.72044049604985
2021-11-24,67.66487029024493
2021-11-26,68.76781805795173
2021-11-29,68.9271401332026
2021-11-30,70.26875246756305
2021-12-01,70.34134807456837
2021-12-02,70.9906633273784
2021-12-03,70.94465019031963
2021-12-06,71.15723294582318
2021-12-07,71.47176685647861
2021-12-08,70.96784915145129
2021-12-09,70.89068027183792
2021-12-10,70.30544961417776
2021-12-13,69.92319111877451
2021-12-14,69.73641279322678
2021-12-15,69.8193192994575
2021-12-16,68.89942264115797
2021-12-17,69.4837299133229
2021-12-20,69.88678482811237
2021-12-21,69.96796306836733
2021-12-22,70.08421058169255
2021-12-23,70.09983957083327
2021-12-27,70.28857960011841
2021-12-28,70.39263894476467
2021-12-29,70.53848493879198
2021-12-30,70.50227478819835
2021-12-31,70.4893964027468
2022-01-03,70.250613849657
2022-01-04,70.11970142192901
2022-01-05,70.55054699327539
2022-01-06,70.53392007982096
2022-01-07,70.29496687296695
2022-01-10,70.27902067509135
2022-01-11,70.24549094328364
2022-01-12,70.32982840138335
2022-01-13,70.39145947833735
2022-01-14,70.21113232083502
2022-01-18,70.6275414327481
2022-01-19,70.68587957780382
2022-01-20,70.92772938591017
2022-01-21,71.14661185316842
2022-01-24,71.12566596704701
2022-01-25,71.20503056902685
2022-01-26,71.27175688424386
2022-01-27,70.87874762015741
2022-01-28,71.2260304770518
2022-01-31,71.52277764882619
2022-02-01,71.55605440916655
2022-02-02,71.63947097792206
2022-02-03,71.32769076013774
2022-02-04,71.08297783755783
2022-02-07,71.10698148735575
2022-02-08,71.04770733573527
2022-02-09,71.06752931992942
2022-02-10,71.37950319844919
2022-02-11,71.62468291106599
2022-02-14,71.66225503366387
2022-02-15,71.61754597148204
2022-02-16,71.76637763922676
2022-02-17,71.73340293214393
2022-02-18,71.68631708379328
2022-02-22,71.94569300512005
2022-02-23,72.00358470411354
2022-02-24,71.05350443910976
2022-02-25,71.85859152966685
2022-02-28,71.42118559871149
2022-03-01,71.59874600966846
2022-03-02,72.04766266348719
2022-03-03,71.8367734751988
2022-03-04,71.43598350844951
2022-03-07,71.53144105752727
2022-03-08,71.35869196881505
2022-03-09,71.13138319079555
2022-03-10,70.93897950570816
2022-03-11,71.1475746491497
2022-03-14,70.95688019674957
2022-03-15,71.2083394776835
2022-03-16,71.14634935908374
2022-03-17,71.32179856912101
2022-03-18,71.25186017587379
2022-03-21,71.22558737018709
2022-03-22,71.27778852819011
2022-03-23,71.36965513652127
2022-03-24,71.53274833824446
2022-03-25,71.6380832008983
2022-03-28,71.65738501374709
2022-03-29,71.7042937209841
2022-03-30,71.6043876928711
2022-03-31,71.91580987301522
2022-04-01,71.30560152562971
2022-04-04,71.00114038091715
2022-04-05,71.05299916630238
2022-04-06,70.721304533576
2022-04-07,70.57730742016268
2022-04-08,70.43150809926534
2022-04-11,70.50650303505678
2022-04-12,70.42946058566076
2022-04-13,70.50674643462509
2022-04-14,70.5803572625186
2022-04-18,70.52264194182175
2022-04-19,70.69496479419034
2022-04-20,70.48052408267668
2022-04-21,70.49049318144057
2022-04-22,71.19679726800655
2022-04-25,71.19670387122552
2022-04-26,71.80253323626015
2022-04-27,71.5830382319504
2022-04-28,71.90698598874937
2022-04-29,73.00740054271682
2022-05-02,72.48269005010567
2022-05-03,72.46313210041401
2022-05-04,73.43027488886264
2022-05-05,74.15932417414757
2022-05-06,74.0099194791498
2022-05-09,74.48667135206807
2022-05-10,74.55187912927245
2022-05-11,74.49763407293005
2022-05-12,74.45567823056813
2022-05-13,74.84253598914339
2022-05-16,74.78681261050404
2022-05-17,74.8596313255035
2022-05-18,75.6754632914778
2022-05-19,75.68074601273861
2022-05-20,75.6246197280626
2022-05-23,75.87939900135449
2022-05-24,75.79307893793447
2022-05-25,75.86966255869405
2022-05-26,75.91143956111524
2022-05-27,76.17506037882005
2022-05-31,76.2151783228547
2022-06-01,76.21374707909116
2022-06-02,76.23603347014017
2022-06-03,76.36562869430207
2022-06-06,76.34418943625612
2022-06-07,76.45551094051216
2022-06-08,76.47651876692875
2022-06-09,76.87225067038241
2022-06-10,77.11503042897364
2022-06-13,78.12116119814561
2022-06-14,78.1730057512244
2022-06-15,78.07983232889832
2022-06-16,78.58454944505569
2022-06-17,78.45114876387191
2022-06-21,78.74026971812185
2022-06-22,78.57482050445032
2022-06-23,78.47771876493466
2022-06-24,78.7844082534783
2022-06-27,78.76144233098844
2022-06-28,78.68548610113554
2022-06-29,78.64778761853876
2022-06-30,78.62580795053952
2022-07-01,78.71435547948188
2022-07-05,78.46527884614163
2022-07-06,78.3517818358452
2022-07-07,78.34612261993483
2022-07-08,78.30698982941492
2022-07-11,78.24291060100109
2022-07-12,78.28871217940976
2022-07-13,78.39644457461003
2022-07-14,78.3395846188399
2022-07-15,78.40550544503142
2022-07-18,78.22169827473199
2022-07-19,78.4589904386919
2022-07-20,78.34957390286102
2022-07-21,78.28792964174136
2022-07-22,78.28402935252157
2022-07-25,78.19840713518744
2022-07-26,78.19508145310522
2022-07-27,78.25083752853885
2022-07-28,78.2981821349318
2022-07-29,78.26745188569693
2022-08-01,78.11536351246973
2022-08-02,78.18317946555159
2022-08-03,78.14297256470049
2022-08-04,78.04832470873286
2022-08-05,77.98052579728787
2022-08-08,78.01640169571148
2022-08-09,78.00818285245927
2022-08-10,78.1423521498325
2022-08-11,78.13272255528409
2022-08-12,78.23039841627188
2022-08-15,78.15156974545795
2022-08-16,78.16818135351387
2022-08-17,78.17810244920761
2022-08-18,78.17309083679457
2022-08-19,78.20180702857675
2022-08-22,78.33070806703091
2022-08-23,78.23263486578479
2022-08-24,78.30796094463398
2022-08-25,78.37412725731089
2022-08-26,78.7249581708767
2022-08-29,78.65931116801279
2022-08-30,78.75171939186271
2022-08-31,78.78855004118769
2022-09-01,78.72945702294686
2022-09-02,78.68489340756078
2022-09-06,78.66663811497632
2022-09-07,78.70066181707708
2022-09-08,78.68876745720506
2022-09-09,78.76619701248796
2022-09-12,78.84166164475705
2022-09-13,79.20809374317291
2022-09-14,79.09888099129184
2022-09-15,78.89120351150672
2022-09-16,78.84656626144898
2022-09-19,78.73886507488493
2022-09-20,78.84434679296288
2022-09-21,78.84481550424978
2022-09-22,78.71925354812598
2022-09-23,78.87102154110893
2022-09-26,78.97874238435264
2022-09-27,78.89845249367609
2022-09-28,79.18608363340076
2022-09-29,79.18432768188842
2022-09-30,79.14518639395494
2022-10-03,79.32446242907133
2022-10-04,79.73469264011791
2022-10-05,79.61133411475583
2022-10-06,79.4846830564497
2022-10-07,79.59298779289942
2022-10-10,79.57798697841169
2022-10-11,79.4431421953731
2022-10-12,79.3760746019778
2022-10-13,79.67636189714729
2022-10-14,79.78390723924828
2022-10-17,80.02576657857749
2022-10-18,80.12615497496985
2022-10-19,80.1516871059176
2022-10-20,80.15037257011035
2022-10-21,80.24076015427973
2022-10-24,80.24289988153568
2022-10-25,80.40015500181757
2022-10-26,80.38181539312659
2022-10-27,80.26121270620318
2022-10-28,80.27275829601454
2022-10-31,80.30122916377607
2022-11-01,80.29711102575621
2022-11-02,80.45086759464576
2022-11-03,80.33076881815603
2022-11-04,80.31574510699517
2022-11-07,80.25607146032671
2022-11-08,80.34887641442812
2022-11-09,80.45927329657182
2022-11-10,80.93012451522499
2022-11-11,80.75308041140244
2022-11-14,80.75136342358591
2022-11-15,80.78554182902585
2022-11-16,80.78951022095372
2022-11-17,80.81055868805079
2022-11-18,80.89875361277628
2022-11-21,80.90035678846031
2022-11-22,80.97848290000584
2022-11-23,80.9298650832436
2022-11-25,80.78953199254869
2022-11-28,80.97067732928207
2022-11-29,80.95179212768049
2022-11-30,81.00776424669884
2022-12-01,80.99578135783617
2022-12-02,80.99515766237887
2022-12-05,81.09167459647884
2022-12-06,81.11311849130563
2022-12-07,81.11539466433177
2022-12-08,81.2376970074328
2022-12-09,81.18445300768585
2022-12-12,81.2676161007501
2022-12-13,81.36321390815868
2022-12-14,81.31587864969192
2022-12-15,81.40499585600885
2022-12-16,81.5084923321694
2022-12-19,81.66498767545595
2022-12-20,81.79028895306818
2022-12-21,82.02046203659243
2022-12-22,82.05643072275984
2022-12-23,82.04152690278475
2022-12-27,82.08112614659694
2022-12-28,82.26607488193984
2022-12-29,82.3522535047413
2022-12-30,82.31279605433606
2023-01-03,82.3029854790666
2023-01-04,82.30775028418986
2023-01-05,82.31863904116058
2023-01-06,82.51799104274973
2023-01-09,82.4402134282281
2023-01-10,82.41689852956581
2023-01-11,82.46965544853083
2023-01-12,82.42966626348847
2023-01-13,82.4441394623056
2023-01-17,82.43294548390553
2023-01-18,82.47229829133208
2023-01-19,82.51321566007509
2023-01-20,82.58374419732503
2023-01-23,82.69985656125014
2023-01-24,82.7285484518594
2023-01-25,82.70359629805935
2023-01-26,82.66159609052316
2023-01-27,82.62902945937581
2023-01-30,82.64086773411292
2023-01-31,82.68348664745773
2023-02-01,82.64451386512644
2023-02-02,82.46403374648065
2023-02-03,82.58403539585197
2023-02-06,82.48849243933677
2023-02-07,82.29529820961488
2023-02-08,82.306947285024
2023-02-09,82.35258616390676
2023-02-10,82.33208053584492
2023-02-13,82.26998018067344
2023-02-14,82.04373535030872
2023-02-15,82.12242567190751
2023-02-16,82.09637482496794
2023-02-17,81.85596568089028
2023-02-21,81.7911422608533
2023-02-22,81.8940225225163
2023-02-23,81.75511222562818
2023-02-24,81.81912776883085
2023-02-27,81.903051157659
2023-02-28,81.9134929038389
2023-03-01,81.77387817956232
2023-03-02,81.8340461695133
2023-03-03,81.86579721771189
2023-03-06,81.73130819056377
2023-03-07,81.78833914482875
2023-03-08,81.82897527341262
2023-03-09,81.84717381206215
2023-03-10,81.9867912568944
2023-03-13,81.8454415849845
2023-03-14,81.96673032586729
2023-03-15,81.61620705140209
2023-03-16,81.66851442457188
2023-03-17,81.72294978029703
2023-03-20,81.73708962059435
2023-03-21,81.67452473828182
2023-03-22,81.73179599542574
2023-03-23,81.66067292853717
2023-03-24,81.60682908169359
2023-03-27,81.49617649807212
2023-03-28,81.39408482008238
2023-03-29,80.86838679402699
2023-03-30,80.91027034558066
2023-03-31,81.02801871830121
2023-04-03,80.62503797658597
2023-04-04,80.6374156531731
2023-04-05,80.38806524748769
2023-04-06,80.52785077667076
2023-04-10,80.7305862530201
2023-04-11,80.49583254732087
2023-04-12,80.55046740389304
2023-04-13,80.67490580677358
2023-04-14,80.67604283913651
2023-04-17,80.6830493804526
2023-04-18,80.6425252732011
2023-04-19,80.84301183568061
2023-04-20,80.87523933074337
2023-04-21,80.83250481146315
2023-04-24,80.84102491573172
2023-04-25,80.91716129488394
2023-04-26,80.84988877959954
2023-04-27,80.85286960202086
2023-04-28,80.90307980702447
2023-05-01,80.8297758761842
2023-05-02,80.94881551098047
2023-05-03,80.8062688786856
2023-05-04,80.85210927127136
2023-05-05,80.96186171065553
2023-05-08,81.06254440549846
2023-05-09,81.09363848529802
2023-05-10,81.10839787617314
2023-05-11,81.13127738985787
2023-05-12,81.13529895955709
2023-05-15,81.17567036558479
2023-05-16,81.27758805692274
2023-05-17,81.31009264723684
2023-05-18,81.36951355941204
2023-05-19,81.42399206627614
2023-05-22,81.43192131632848
2023-05-23,81.42002585323374
2023-05-24,81.460183519805
2023-05-25,81.31567805781151
2023-05-26,81.363470912223
2023-05-30,81.26816508485454
2023-05-31,81.24637808092243
2023-06-01,81.25188484179797
2023-06-02,81.35635044664035
2023-06-05,81.3423367733351
2023-06-06,81.34929864589161
2023-06-07,81.20172742674245
2023-06-08,81.28871729231028
2023-06-09,81.2678617618547
2023-06-12,81.2127739853379
2023-06-13,80.92567108126045
2023-06-14,80.91474383829969
2023-06-15,80.89850140439232
2023-06-16,80.86808623204242
2023-06-20,80.98534403169856
2023-06-21,81.02354038119852
2023-06-22,80.9852580350124
2023-06-23,80.98075074369564
2023-06-26,80.95099528483702
2023-06-27,80.81640991383618
2023-06-28,80.76152444878856
2023-06-29,80.16473976946068
2023-06-30,80.30639987452015
2023-07-03,80.37841282239515
2023-07-05,80.31875078598256
2023-07-06,80.37565588040607
2023-07-07,80.25778570117706
2023-07-10,80.16117036059671
2023-07-11,80.21685268165248
2023-07-12,80.00474998439728
2023-07-13,79.90405398976539
2023-07-14,79.89973368493389
2023-07-17,79.58552792101528
2023-07-18,79.4133680569751
2023-07-19,79.28548053463437
2023-07-20,78.96043095095544
2023-07-21,78.41372325536277
2023-07-24,78.50048001297318
2023-07-25,78.5664023271554
2023-07-26,78.26331391685598
2023-07-27,78.25715008921067
2023-07-28,78.2886270129196
2023-07-31,78.31952416297736
2023-08-01,78.04336351890801
2023-08-02,77.70811281764479
2023-08-03,77.36167575263835
2023-08-04,77.27237618416585
2023-08-07,77.4645694742359
2023-08-08,77.48190670246795
2023-08-09,77.3024086151549
2023-08-10,77.32365210107368
2023-08-11,77.00196971557965
2023-08-14,77.16424016771667
2023-08-15,77.51621102469181
2023-08-16,77.18883923616225
2023-08-17,77.19446441361896
2023-08-18,77.19980173274499
2023-08-21,76.69399647495588
2023-08-22,76.83645114606867
2023-08-23,76.72863042439867
2023-08-24,76.96230848101158
2023-08-25,76.98479945059597
2023-08-28,76.66437877505233
2023-08-29,75.01243409113637
2023-08-30,75.08670632262168
2023-08-31,74.96707264770656
2023-09-01,74.83528904589936
2023-09-05,74.8628065932276
2023-09-06,74.89898316018922
2023-09-07,74.85816566372701
2023-09-08,74.96546273266937
2023-09-11,74.76362260338593
2023-09-12,74.69016988694135
2023-09-13,74.65403184545211
2023-09-14,74.63171199188604
2023-09-15,74.86656673448262
2023-09-18,74.28893953365191
2023-09-19,74.30087153418103
2023-09-20,74.36434918803012
2023-09-21,74.23562335901056
2023-09-22,74.07933169523281
2023-09-25,74.09022635582826
2023-09-26,74.31250347611359
2023-09-27,74.15961070015405
2023-09-28,73.83971645854436
2023-09-29,73.7554922730145
2023-10-02,73.60376566869992
2023-10-03,73.2515832386509
2023-10-04,73.05869342395285
2023-10-05,72.89834513363311
2023-10-06,73.02889309826723
2023-10-09,72.81876619075437
2023-10-10,72.88070020710794
2023-10-11,72.69428438904424
2023-10-12,72.8900190311165
2023-10-13,72.48760502175296
2023-10-16,72.21353855281403
2023-10-17,72.16432044504539
2023-10-18,72.29739175866968
2023-10-19,72.38446237262623
2023-10-20,72.50442461324847
2023-10-23,71.60638334457262
2023-10-24,71.804435152887
2023-10-25,71.713017142515
2023-10-26,71.44145637194379
2023-10-27,71.65118387356496
2023-10-30,71.70217137634857
2023-10-31,71.85778042054265
2023-11-01,71.28040927790671
2023-11-02,72.0743801370587
2023-11-03,71.89191047005255
2023-11-06,71.79521298991885
2023-11-07,71.71039250561857
2023-11-08,71.70221521685454
2023-11-09,71.61396216320873
2023-11-10,71.94824809484022
2023-11-13,71.82146956224518
2023-11-14,72.0397632889539
2023-11-15,72.05435934421429
2023-11-16,72.4168212089392
2023-11-17,72.26797743132342
2023-11-20,72.31554755841024
2023-11-21,72.30692197587278
2023-11-22,72.1946520337345
2023-11-24,72.15358301461335
2023-11-27,72.27518945186807
2023-11-28,72.18297755731406
2023-11-29,72.19585609174686
2023-11-30,72.2804271936259
2023-12-01,72.22531920441888
2023-12-04,72.4837061877958
2023-12-05,72.31388907702795
2023-12-06,72.26178427026753
2023-12-07,72.25606708908725
2023-12-08,72.1795812862864
2023-12-11,72.17641193726116
2023-12-12,72.136094021029
2023-12-13,72.7425454356081
2023-12-14,72.35020770423476
2023-12-15,72.22953408453326
2023-12-18,72.24251029878769
2023-12-19,71.86981782689637
2023-12-20,72.31607251807287
2023-12-21,71.955483152881
2023-12-22,71.38315955640513
2023-12-26,71.88740679610656
2023-12-27,71.85724952477803
2023-12-28,72.31624713095779
2023-12-29,72.22318835633223
2024-01-02,71.68594614885161
2024-01-03,71.59457417540945
2024-01-04,71.70803648433458
2024-01-05,71.11797583201714
2024-01-08,71.1924399809821
2024-01-09,71.22359075836471
2024-01-10,71.22906686742712
2024-01-11,71.24282044181874
2024-01-12,70.92351764941712
2024-01-16,71.07833148751952
2024-01-17,70.80839658285187
2024-01-18,70.84358819666869
2024-01-19,70.82185753050952
2024-01-22,71.12245030538507
2024-01-23,71.12429831374665
2024-01-24,70.98649948145507
2024-01-25,70.96411793890815
2024-01-26,70.9490759145742
2024-01-29,70.88726547281148
2024-01-30,70.8554613060417
2024-01-31,71.38556959079193
2024-02-01,71.75435632640132
2024-02-02,71.52838774746168
2024-02-05,71.53550703490144
2024-02-06,71.52153817466247
2024-02-07,71.57505241254546
2024-02-08,71.24370378013013
2024-02-09,71.12807041829336
2024-02-12,70.76359601128621
2024-02-13,70.93184238207859
2024-02-14,71.02748498848156
2024-02-15,70.90149909464344
2024-02-16,70.76260519016263
2024-02-20,70.75957547377433
2024-02-21,70.27850523302821
2024-02-22,70.38409194574507
2024-02-23,70.33058516685428
2024-02-26,70.40670708495561
2024-02-27,70.37104175226123
2024-02-28,70.33899001012001
2024-02-29,70.34798276149985
2024-03-01,70.00529588826639
2024-03-04,69.7784505901162
2024-03-05,69.88049845372997
2024-03-06,69.96371362937263
2024-03-07,70.14485518516649
2024-03-08,69.92639011420921
2024-03-11,69.81584622972724
2024-03-12,70.01906076528785
2024-03-13,69.96230746053783
2024-03-14,70.01035278683544
2024-03-15,70.21899222741439
2024-03-18,70.07750181653061
2024-03-19,69.73912310790433
2024-03-20,69.7198791896763
2024-03-21,69.83109550061361
2024-03-22,70.07567746926983
2024-03-25,70.0966690739268
2024-03-26,70.10624036583954
2024-03-27,70.59359135393315
2024-03-28,70.60717552641107
2024-04-01,70.63251210509236
2024-04-02,70.17762843432907
2024-04-03,70.08987014009409
2024-04-04,70.14060523759217
2024-04-05,70.2966160275803
2024-04-08,70.33693232648979
2024-04-09,70.13575196678154
2024-04-10,70.34078175937935
2024-04-11,70.0647304162847
2024-04-12,70.47047082856761
2024-04-15,70.66483907300072
2024-04-16,70.65205798634412
2024-04-17,70.61694480413863
2024-04-18,70.83383304356961
2024-04-19,70.48597905896743
2024-04-22,70.69536224760077
2024-04-23,70.74345099177856
2024-04-24,70.5643574996392
2024-04-25,70.35101094743845
2024-04-26,70.27890291664548
2024-04-29,70.52375807249176
2024-04-30,71.02070329401379
2024-05-01,71.01780236263579
2024-05-02,71.05090573319579
2024-05-03,71.51466106908698
2024-05-06,71.71916287070646
2024-05-07,71.63448613091539
2024-05-08,71.69452581730893
2024-05-09,71.8300433744439
2024-05-10,71.60246191788734
2024-05-13,71.564862646768
2024-05-14,71.63429363392503
2024-05-15,71.64068666757625
2024-05-16,71.43986330156578
2024-05-17,71.61682312711507
2024-05-20,71.6260132898998
2024-05-21,71.57985621215062
2024-05-22,71.66327209910449
2024-05-23,72.1485822704481
2024-05-24,72.17956620910842
2024-05-28,72.10118945884521
2024-05-29,72.29020673657654
2024-05-30,71.82580078373297
2024-05-31,72.0666202209561
2024-06-03,71.96955860402043
2024-06-04,71.87252757299856
2024-06-05,71.93409150113627
2024-06-06,71.90906015811147
2024-06-07,71.75486392903213
2024-06-10,71.46765896829623
2024-06-11,71.28751755963381
2024-06-12,71.11405689045212
2024-06-13,70.90307318425505
2024-06-14,70.82068272904984
2024-06-17,70.75813096284396
2024-06-18,70.8895229951337
2024-06-20,70.86663044680402
2024-06-21,70.87250398721223
2024-06-24,70.90412339569906
2024-06-25,70.85223672875382
2024-06-26,70.9227472843588
2024-06-27,71.0054761259661
2024-06-28,71.04038547946124
2024-07-01,70.75888997867543
2024-07-02,70.4772802318162
2024-07-03,70.42359957452278
2024-07-05,70.24471247901812
2024-07-08,70.14837430081495
2024-07-09,69.40560069217337
2024-07-10,69.4199679006695
2024-07-11,69.11062716794555
2024-07-12,68.57894605880175
2024-07-15,68.63935160708844
2024-07-16,68.64585691607527
2024-07-17,68.6104940792427
2024-07-18,68.62040737953552
2024-07-19,68.39433335964408
2024-07-22,68.53621138850843
2024-07-23,68.77045499465608
2024-07-24,68.86857249800295
2024-07-25,68.65648155970483
2024-07-26,68.82520644040488
2024-07-29,68.89630314112281
2024-07-30,68.50666917758943
2024-07-31,68.6501963806574
2024-08-01,67.80356255194935
2024-08-02,67.58926019900773
2024-08-05,68.49918882106309
2024-08-06,68.57745975255604
2024-08-07,68.27114770031775
2024-08-08,68.61217541798361
2024-08-09,68.67071950722207
2024-08-12,68.74757057834232
2024-08-13,69.00898424970907
2024-08-14,68.88808538844025
2024-08-15,68.62992729118572
2024-08-16,68.63063991828724
2024-08-19,68.74346723384701
2024-08-20,67.70979389356127
2024-08-21,67.77372385379286
2024-08-22,67.81684796589808
2024-08-23,68.00840840264938
2024-08-26,67.90452224722607
2024-08-27,67.65646432100927
2024-08-28,67.57621864251098
2024-08-29,67.57741507353556
2024-08-30,66.76251966837953
2024-09-03,66.9278500858727
2024-09-04,67.10096191657583
2024-09-05,67.20922283339745
2024-09-06,67.33090440325941
2024-09-09,67.65273748156775
2024-09-10,67.41967331507009
2024-09-11,67.23328638159605
2024-09-12,67.32117174822154
2024-09-13,67.50241200448681
2024-09-16,67.70860153684417
2024-09-17,67.64883299267314
2024-09-18,67.8012403453719
2024-09-19,67.79129745882925
2024-09-20,67.33766706632588
2024-09-23,67.38906409075979
2024-09-24,67.35968456467357
2024-09-25,67.32838364243311
2024-09-26,67.05817254252679
2024-09-27,67.12321892755554
2024-09-30,66.32294559422756
2024-10-01,66.66804051393211
2024-10-02,66.55446745929137
2024-10-03,66.57835935068756
2024-10-04,66.32267381604635
2024-10-07,65.89248619593603
2024-10-08,65.6205978216908
2024-10-09,65.56320615368286
2024-10-10,65.51294307348066
2024-10-11,65.66119106552759
2024-10-14,65.66252153943898
2024-10-15,65.32194773773169
2024-10-16,65.63271642936674
2024-10-17,65.89829418264148
2024-10-18,65.96887318333081
2024-10-21,66.03047751345818
2024-10-22,65.90908392654423
2024-10-23,65.79482435883307
2024-10-24,65.55607552834573
2024-10-25,65.63583154688705
2024-10-28,65.75199470011175
2024-10-29,65.58007081223232
2024-10-30,65.38919950974197
2024-10-31,65.52364999118574
2024-11-01,65.4321408288467
2024-11-04,65.29519059900106
2024-11-05,65.76203914022496
2024-11-06,64.93080891559916
2024-11-07,64.95132584367754
2024-11-08,65.27434504546493
2024-11-11,65.06813675901991
2024-11-12,65.28048204876978
2024-11-13,64.87773074163168
2024-11-14,64.60182492017546
2024-11-15,64.82271486385497
2024-11-18,64.71914919856083
2024-11-19,64.85265834431893
2024-11-20,64.71346243645374
2024-11-21,65.03111824964662
2024-11-22,65.03003944432844
2024-11-25,64.92679465702828
2024-11-26,64.30881652640092
2024-11-27,64.25562122401902
2024-11-29,63.928100572223684
2024-12-02,63.968673621438185
2024-12-03,63.947170115895254
2024-12-04,63.773890215661865
2024-12-05,63.480759896360354
2024-12-06,63.420198352081755
2024-12-09,63.30166931796643
2024-12-10,63.237149267952375
2024-12-11,63.162282549660695
2024-12-12,63.22338250016841
2024-12-13,63.22881341837381
2024-12-16,63.384123438710816
2024-12-17,63.37050777425741
2024-12-18,65.50273256317637
2024-12-19,65.50074476117639
2024-12-20,65.77055651680054
2024-12-23,65.77783170662669
2024-12-24,65.94985787391927
2024-12-26,66.03442682655553
2024-12-27,66.16195909097686
2024-12-30,66.47395800503303
2024-12-31,66.39562343840329
2025-01-02,66.2171138509841
2025-01-03,66.24236322251383
2025-01-06,66.17689319282569
2025-01-07,66.024985727818
2025-01-08,66.01525529575615
2025-01-10,66.30987599557596
2025-01-13,65.60642037079438
2025-01-14,65.52868449307216
2025-01-15,65.59625922958888
2025-01-16,65.70699652727454
2025-01-17,65.67532134154455
2025-01-21,65.57747609968742
2025-01-22,65.43943856245996
2025-01-23,65.54156739968943
2025-01-24,65.4650824725116
2025-01-27,64.3616752994247
2025-01-28,64.18684784309742
2025-01-29,63.54885217909905
2025-01-30,63.423605581925926
2025-01-31,63.40758081175977
2025-02-03,63.522093729946235
2025-02-04,63.42347717829075
2025-02-05,63.40763385828165
2025-02-06,63.25542764303559
2025-02-07,63.30285944408728
2025-02-10,63.23062151908326
2025-02-11,63.56291039746859
2025-02-12,63.75723531257805
2025-02-13,64.0451480925593
2025-02-14,63.580503160804035
2025-02-18,63.78067625370114
2025-02-19,63.66525548364237
2025-02-20,63.39082177501925
2025-02-21,63.485275648752825
2025-02-24,63.375330572596674
2025-02-25,63.1933358964284
2025-02-26,62.85222222688078
2025-02-27,62.817486108173256
2025-02-28,63.0527777465473
2025-03-03,63.142786945544614
2025-03-04,63.40032132657327
2025-03-05,63.33506081742492
2025-03-06,63.39303112269588
2025-03-07,63.36333176696948
2025-03-10,63.662951365569306
2025-03-11,64.10540976943247
2025-03-12,63.45250682249173
2025-03-13,63.70121048375348
2025-03-14,64.49725433672951
2025-03-17,64.46191639121099
2025-03-18,64.5563251008897
2025-03-19,64.07810560105972
2025-03-20,64.06646402694403
2025-03-21,64.12803647627916
2025-03-24,64.45653368955954
2025-03-25,64.37782864279846
2025-03-26,64.28411390996465
2025-03-27,64.27216269885538
2025-03-28,64.31931514043376
2025-03-31,64.61898171882483
2025-04-01,64.48261199794814
2025-04-02,64.51036403607871
2025-04-03,66.81248134919775
2025-04-04,72.02261780329539
2025-04-07,71.96802008775731
2025-04-08,72.34574904190346
2025-04-09,76.58613402265428
2025-04-10,76.91893181279714
2025-04-11,77.0524129008438
2025-04-14,77.25854929683993
2025-04-15,77.25855454605748
2025-04-16,77.32523742987877
2025-04-17,77.20102472787984
2025-04-21,77.51707674765329
2025-04-22,77.9096126146297
2025-04-23,77.83181769160734
2025-04-24,77.80810198274445
2025-04-25,77.68244738881619
2025-04-28,77.84941342089503
2025-04-29,77.88341178548475
2025-04-30,77.96316929036871
2025-05-01,77.86391857714003
2025-05-02,78.05046581451882
2025-05-05,78.07906119422059
2025-05-06,77.94064062102
2025-05-07,77.89821043017213
2025-05-08,77.84514840697979
2025-05-09,77.98315216718338
2025-05-12,77.90743591682678
2025-05-13,77.65989245087563
2025-05-14,77.76838817446951
2025-05-15,77.84259026831843
2025-05-16,78.04452534124867
2025-05-19,78.2497887720442
2025-05-20,78.33556954501519
2025-05-21,78.07946351500844
2025-05-22,78.13652690537852
2025-05-23,78.10282739518489
2025-05-27,78.22676554763902
2025-05-28,78.20646236711526
2025-05-29,78.19165858789634
2025-05-30,78.17215952287715
2025-06-02,78.1608538594773
2025-06-03,78.18748517981561
2025-06-04,78.05860378670543
2025-06-05,77.99581245506221
2025-06-06,78.00882100341325
2025-06-09,77.93742646853615
2025-06-10,78.02247472300118
2025-06-11,78.02800190179484
2025-06-12,77.98611512804467
2025-06-13,77.94265871845883
2025-06-16,77.89673293148061
2025-06-17,77.94083342973067
2025-06-18,77.9531336753235
2025-06-20,78.02327034897384
2025-06-23,78.0379483498317
2025-06-24,78.08306080187509
2025-06-25,78.07312846945533
2025-06-26,78.03467858379526
2025-06-27,78.0842030917545
2025-06-30,78.15150876806766
2025-07-01,78.03968430443548
2025-07-02,77.92716036838364
2025-07-03,77.91133397953784
2025-07-07,77.99733552063991
2025-07-08,77.85960214948173
2025-07-09,77.88353289854435
2025-07-10,77.9833168586661
2025-07-11,77.94730457034501
2025-07-14,77.97214492830882
2025-07-15,78.09603955402672
2025-07-16,78.15210268263768
2025-07-17,78.10709478124117
2025-07-18,78.08565353720873
2025-07-21,78.12431131612983
2025-07-22,78.21362638739878
2025-07-23,78.19547185993612
2025-07-24,78.23410967883864
2025-07-25,78.19752201388178
2025-07-28,78.28240719769593
2025-07-29,78.13558424828308
2025-07-30,78.08284461114124
2025-07-31,77.9833215148926
2025-08-01,78.01139666120235
2025-08-04,78.25556502802812
2025-08-05,78.22415234682043
2025-08-06,78.06320253677883
2025-08-07,78.04287763317035
2025-08-08,78.04161228036197
2025-08-11,78.06215470174638
2025-08-12,78.14905532132255
2025-08-13,78.2369468987193
2025-08-14,78.2284966973707
2025-08-15,78.18005073315062
2025-08-18,78.21389083447086
2025-08-19,78.1518904418267
2025-08-20,78.17765771503731
2025-08-21,78.25716858689974
2025-08-22,78.34978988442322
2025-08-25,78.31305586060529
2025-08-26,78.98863443028506
2025-08-27,79.0157957315077
2025-08-28,78.78009898865797
2025-08-29,78.82640453543246
2025-09-02,78.74063875838297
2025-09-03,78.69490357564057
2025-09-04,78.74074560842452
2025-09-05,78.7192052446468
2025-09-08,78.75548654694373
2025-09-09,78.72423577847631
2025-09-10,78.61066473864344
2025-09-11,78.56742558111952
2025-09-12,78.55496911425327
2025-09-15,78.54170512940873
2025-09-16,78.4794783410148
2025-09-17,78.47306480990822
2025-09-18,78.43848148783674
2025-09-19,78.52367974253025
2025-09-22,78.47553859178224
2025-09-23,78.50706609151688
2025-09-24,78.50693492608454
2025-09-25,78.56916546913426
2025-09-26,78.63713681631401
2025-09-29,78.69875933733066
2025-09-30,78.72864656796402
2025-10-01,78.616965773822
2025-10-02,78.62626226157857
2025-10-03,78.64572279960329
2025-10-06,78.61135206450264
2025-10-07,78.19053725261746
2025-10-08,78.16353118237544
2025-10-09,78.1347092324816
2025-10-10,78.17402122472544
2025-10-13,78.14896530942357
2025-10-14,78.1501395010363
2025-10-15,78.07378415474096
2025-10-16,77.89636485530902
2025-10-17,77.98525134272312
2025-10-20,78.04629674964362
2025-10-21,78.02489425867684
2025-10-22,78.03129831222257
2025-10-23,78.04315050957094
2025-10-24,77.99411737850454
2025-10-27,77.93576911909157
2025-10-28,77.98204093200329
2025-10-29,78.02201180277171
2025-10-30,78.09411795822058
2025-10-31,78.17054540493523
2025-11-03,78.17506625578314
2025-11-04,78.040804046502
2025-11-05,78.14299274610643
2025-11-06,78.06299390640397
2025-11-07,78.05167503958046
2025-11-10,78.48212705018636
2025-11-11,78.55227485634774
2025-11-12,78.52206292269739
2025-11-13,78.46549237290468
2025-11-14,78.43231379839034
2025-11-17,78.45590591587157
2025-11-18,78.49123540934961
2025-11-19,78.54083548441575
2025-11-20,78.57955378008307
2025-11-21,78.64560091312852
2025-11-24,78.61121955254077
2025-11-25,78.64572815244179
2025-11-26,78.71522314691234
2025-11-28,78.65363405224126
2025-12-01,78.60444636861696
2025-12-02,78.59367172808501
2025-12-03,78.6052784693952
2025-12-04,78.66949364555647
2025-12-05,78.748488685585
2025-12-08,78.80101483703577
2025-12-09,78.93032565939747
2025-12-10,79.02867312078257
2025-12-11,78.9900765441444
2025-12-12,78.97695320616135
2025-12-15,79.02819994413007
2025-12-16,78.93248620304172
2025-12-17,78.82955300057394
2025-12-18,78.82579769132767
2025-12-19,78.76947506885355
2025-12-22,78.87454475592244
2025-12-23,78.64935712262273
2025-12-24,78.7085572659978
2025-12-26,78.66864634377907
2025-12-29,78.58189772100448
2025-12-30,78.57588444345929
2025-12-31,78.6200229266268
2026-01-02,78.55740510346612
2026-01-05,78.42202691199964
2026-01-06,78.24476747623108
2026-01-07,78.07544160235034
2026-01-08,78.13189798290206
2026-01-09,78.26706222923737
2026-01-12,78.30198740683113
2026-01-13,78.3749133594519
2026-01-14,78.32093130160902
2026-01-15,78.35536282803224
2026-01-16,78.34873323210995
2026-01-20,78.12756556374889
2026-01-21,75.14327102080651
2026-01-22,75.39231212734325
2026-01-23,74.96587860160926
2026-01-26,67.35401556564763
2026-01-27,66.33638337947853
2026-01-28,65.77929563145743
2026-01-29,65.45425604372113
2026-01-30,65.22677005974016
2026-02-02,64.4284477121074
2026-02-03,64.0999791833437
2026-02-04,61.95946775658294
2026-02-05,60.554228251955514
2026-02-06,60.82407389465584
2026-02-09,60.28089831296977
2026-02-10,60.09252194913161
2026-02-11,59.6419087817673
2026-02-12,59.72268807891614
2026-02-13,60.00770439233997
2026-02-17,60.10979950301755
2026-02-18,59.49601123655817
2026-02-19,59.30363569216829
2026-02-20,59.35087019793522
2026-02-23,59.14321835140107
2026-02-24,59.09568017054482
2026-02-25,58.97393975635416
2026-02-26,57.86458539761909
2026-02-27,57.832686134743966
2026-03-02,57.690009641360554
2026-03-03,57.664461033694145
2026-03-04,57.439341941874275
2026-03-05,57.491529935597306
2026-03-06,57.67850621609521
2026-03-09,56.117664671000085
2026-03-10,56.30403011578607
2026-03-11,56.2629081132192
2026-03-12,55.68620887831559
2026-03-13,55.49431027071912
2026-03-16,55.71310353774846
2026-03-17,55.69016103268805
2026-03-18,56.39579294658272
2026-03-19,56.38539484081532
2026-03-20,56.901897958752215
2026-03-23,57.13704961900146
2026-03-24,56.639889336950276
2026-03-25,56.57240652581475
2026-03-26,56.518073906898174
2026-03-27,56.78702062304862
2026-03-30,56.465673743500545
2026-03-31,57.1094607243311
2026-04-01,57.270970198533014
2026-04-02,56.7452513011983
2026-04-06,56.70642545004162
2026-04-07,56.597147345611845
2026-04-08,57.09956820481194
2026-04-09,56.92184607752727
2026-04-10,56.62575906077663
2026-04-13,56.52148337534083
2026-04-14,56.721416636946486
2026-04-15,56.61247788660946
2026-04-16,56.69282000918648
2026-04-17,56.78434577792023
2026-04-20,56.66003965619047
2026-04-21,56.87055268310033
2026-04-22,56.86384340924664
2026-04-23,56.73860823193447
2026-04-24,56.56927757112488
2026-04-27,56.526823366674805
2026-04-28,56.507335641199774
2026-04-29,55.92759817633787
2026-04-30,56.850068751989426
2026-05-01,57.04099565986599
2026-05-04,57.20064280477889
2026-05-05,57.18309056135272
2026-05-06,57.02015721546197
2026-05-07,57.48489726177797
2026-05-08,57.34953128602635
2026-05-11,57.28702059203034
2026-05-12,57.28023993171628
2026-05-13,57.29236000999518
2026-05-14,57.341369653134855
2026-05-15,57.92999725448969
2026-05-18,57.95746567630909
2026-05-19,57.40291989109714
2026-05-20,57.484428388773466
2026-05-21,57.941834353841635
2026-05-22,57.98132311894088
2026-05-26,58.03373312690431
2026-05-27,57.876824728918564
2026-05-28,57.669163143672705
2026-05-29,57.7951605354305
2026-06-01,57.88657496460314
2026-06-02,57.71877393410071
2026-06-03,57.61766973525453
2026-06-04,57.62672879325001
2026-06-05,57.35149625652828
2026-06-08,57.333109060118616
2026-06-09,57.15515629732454
2026-06-10,56.91926818790801
2026-06-11,56.954393969444816
2026-06-12,56.89935097684681
2026-06-15,56.9965648743438
2026-06-16,56.846680602972356
2026-06-17,57.171986669980406
2026-06-18,56.92569145863313
2026-06-22,56.637835694553154
2026-06-23,56.67487915476832
2026-06-24,56.60282036224177
2026-06-25,56.53065334804024
2026-06-26,56.57935899950774
2026-06-29,55.98098972229118
2026-06-30,56.06984247868406
2026-07-01,55.86194817023955
2026-07-02,55.89953053460097
2026-07-06,55.873162341798995
2026-07-07,55.81547390715164
2026-07-08,56.31798143670429
2026-07-09,56.26886660383275
2026-07-10,56.20204334349075
2026-07-13,56.20225938837555
2026-07-14,56.08906458229264
2026-07-15,55.774087267299734
2026-07-16,55.74047968314196
2026-07-17,55.900992647698494
2026-07-20,56.32039741273175
2026-07-21,56.28827815317547
2026-07-22,56.16889987502061
2026-07-23,55.81225191967228
2026-07-24,56.01740760783816
2026-07-27,56.028492738074505
2026-07-28,56.03776180708385
2026-07-29,56.145201921229976
2026-07-30,55.88678263135261
2026-07-31,55.27692574026221
2026-08-03,55.59441514512184
2026-08-04,55.50129293572507
2026-08-05,55.34878484036331
2026-08-06,55.32136590252341
2026-08-07,55.332264484675655
2026-08-10,54.927373408759586
2026-08-11,54.97408887069014
2026-08-12,54.866062303288864
2026-08-13,54.841641278470846
2026-08-14,54.63321564216317
2026-08-17,54.63123604202297
2026-08-18,54.66245953735145
2026-08-19,54.52560393794124
2026-08-20,54.65386184513465
2026-08-21,54.650785534118356
2026-08-24,54.627442596502505
2026-08-25,54.45055382009986
2026-08-26,54.30644016984433
2026-08-27,54.51683622721666
2026-08-28,54.42809229272756
2026-08-31,54.74344060323378
