,Aerospace & Defense,Air Freight & Logistics,"Apparel, Accessories & Luxury Goods",Application Software,Asset Management & Custody Banks,Automobile Manufacturers,Automotive Retail,Biotechnology,Broadcasting,Building Products,Casinos & Gaming,Communications Equipment,Construction Machinery & Heavy Transportation Equipment,Consumer Finance,Consumer Staples Merchandise Retail,Distributors,Diversified Banks,Diversified Support Services,Electric Utilities,Electrical Components & Equipment,Electronic Equipment & Instruments,Environmental & Facilities Services,Fertilizers & Agricultural Chemicals,Financial Exchanges & Data,Health Care Distributors,Health Care Equipment,Health Care REITs,Health Care Services,Health Care Supplies,Homebuilding,"Hotels, Resorts & Cruise Lines",Household Products,Human Resource & Employment Services,IT Consulting & Other Services,Industrial Machinery & Supplies & Components,Insurance Brokers,Interactive Media & Services,Internet Services & Infrastructure,Investment Banking & Brokerage,Life & Health Insurance,Life Sciences Tools & Services,Managed Health Care,Movies & Entertainment,Multi-Family Residential REITs,Multi-Utilities,Multi-line Insurance,Oil & Gas Equipment & Services,Oil & Gas Exploration & Production,Oil & Gas Refining & Marketing,Oil & Gas Storage & Transportation,Packaged Foods & Meats,Paper & Plastic Packaging Products & Materials,Passenger Airlines,Personal Care Products,Pharmaceuticals,Property & Casualty Insurance,Rail Transportation,Regional Banks,Restaurants,Retail REITs,Semiconductor Materials & Equipment,Semiconductors,Soft Drinks & Non-alcoholic Beverages,Specialty Chemicals,Systems Software,"Technology Hardware, Storage & Peripherals",Telecom Tower REITs,Transaction & Payment Processing Services
Aerospace & Defense,1.0,0.6623039342525501,0.8692927169531974,0.7364150344828183,0.45785864701718176,0.9259234109302944,0.12938295875713704,0.14491368013275951,0.6203778286453853,0.43634650651747836,0.3654312625076874,0.4064013781005649,0.5294845034096511,0.5218713886553202,0.2559377753845312,0.5228777008645621,0.20668699023640813,0.33350420787017054,0.8641892033418853,0.5433993282207026,0.8227715348221127,0.48431356490167643,0.6039344899958015,0.8751662715519646,0.8159041532999647,0.7594814594760587,0.7099036284715261,0.5839573016994432,0.22100855002089562,0.6384078098844316,0.43048306738636494,0.511471167049052,0.3725378573620994,0.575481587646177,0.44641611366404954,0.6152179206940352,0.4935840245624292,0.45365732306315776,0.2597778861273393,0.6208215975460596,0.6300919355462371,0.09886360091725171,0.14907269973018508,0.5639720135955341,0.7588247930790085,0.3249239541940375,0.2171624707645086,0.34903938773327375,0.5863825766065648,0.3695537154598259,0.22105997204793984,0.37588376800757045,0.5420060050052486,0.8372474776422818,0.11101873176623868,0.6314980011416405,0.8455967300252241,0.4519619676276205,0.28136782739760147,0.7473909855358912,0.5084826417887183,0.721821136136691,0.8203563661335372,0.579363763215539,0.36624428992670416,0.31762101802381243,0.6159827683155117,0.06551055833713249
Air Freight & Logistics,0.13941465283869287,1.0,0.17536566718766733,0.09568387979645356,0.30848647371940585,0.05223685785155715,0.026980268853888514,0.1368275067390331,0.11271876314796896,0.29772969848650255,0.11383424354413327,0.111334335799304,0.24806699446824124,0.29722821341341965,0.7705935493577379,0.21965244396779016,0.23349983186919757,0.4051449228392365,0.13132891300957922,0.26417078907557057,0.14266585913749544,0.42266873515441483,0.30720365314350995,0.33706451509735885,0.20981647938329556,0.47238705462366715,0.006085214338621342,0.8376103386489971,0.021529212285959966,0.021497720419752273,0.15613131165880564,0.3612446153169852,0.37960174192037116,0.3707637990454042,0.3227762744627756,0.0555083105376016,0.4032622189834602,0.906351053359712,0.4147619980422653,0.026369522535756317,0.025771458154707064,0.710094801353605,0.5548096638073959,0.049359150427039485,0.17264872594418623,0.02683394998890332,0.11963401785013573,0.03973019509337683,0.14231281374096852,0.005860379756225381,0.39828235532610257,0.37876787068745493,0.09533478416808279,0.412341740437526,0.49974475267706414,0.04821359360483801,0.2780248986009656,0.09316989550220761,0.17077257244995983,0.024806120434465402,0.1309494367634278,0.757328632108245,0.20886683470089537,0.12864485026493003,0.2763911666944168,0.1797623340932741,0.6986921159750764,0.20611329134508852
"Apparel, Accessories & Luxury Goods",0.158426014168213,0.8649548543319711,1.0,0.8825505806300344,0.34101199337388516,0.3879813220698394,0.9782738620850645,0.6647877288233462,0.5522580084015427,0.5737835440235152,0.5818886650949923,0.2721885447188081,0.4395433542248055,0.10222745350502563,0.32253778155587276,0.6957834588891215,0.1610851136674544,0.45616662716065925,0.03648951575669976,0.5241633017928875,0.8344715541010715,0.47090855481336574,0.29942126231552185,0.4812369120359258,0.13575571836314107,0.3606090797711036,0.1593685752990784,0.5736485347042725,0.4956404347471991,0.4903140827605427,0.35998435535784007,0.5963298984766031,0.9385934548537312,0.21290740133943267,0.4439513305124084,0.5332890383375476,0.4876511040019171,0.35023290372249444,0.6153644885957887,0.3905840290177047,0.3897729320779744,0.5079331703028651,0.8663115850535587,0.29680743970332835,0.09839922537055774,0.2392771727077231,0.31349576150694125,0.5338815506917799,0.3531517435130265,0.29704613207043024,0.37059821345886423,0.31619998091925045,0.08200832326647982,0.48587130412087576,0.06706169135815132,0.05846369179256861,0.09819801179867957,0.5549085618384623,0.5766289560470718,0.09928466638008653,0.7443448690472856,0.15143031365891707,0.1890961616114007,0.8472645129529357,0.40620907492427083,0.617055713158705,0.698034417172521,0.48528206833279863
Application Software,0.5958397537427187,0.5976748464331508,0.7463125177257636,1.0,0.1785964480220204,0.157751786564285,0.6637231923049843,0.43256822693994784,0.27128963052691357,0.767780684512406,0.2015261616096841,0.5094202039511369,0.3752741465480129,0.12120678223193665,0.3585359914118515,0.5812644409719118,0.15574673344564127,0.7289885433609667,0.0232539147593855,0.21092150076764699,0.8497077675127909,0.6785447752604272,0.13801636419567928,0.49303324105978136,0.6268961358637108,0.9447741922599419,0.20631309837088205,0.9750001977205078,0.6689582302903329,0.7596559798223806,0.16346768505503892,0.531298977734785,0.4137252250660566,0.35750738796321935,0.45923882374177905,0.8466070955203268,0.18157130935988594,0.12753671764607516,0.14823144074274475,0.28473662688478824,0.805499556262114,0.23959626018797867,0.3366231118277659,0.28573687914758295,0.03490234591831805,0.4425989059013318,0.22127897204528915,0.24912472977975855,0.4221368894787467,0.23903972878287494,0.6990233946351277,0.3294194010070541,0.01937449136105637,0.6783675052856932,0.18154121749380236,0.4858260118948058,0.1528459622476771,0.1234221100780018,0.7115855519406702,0.22016237067256,0.7366365351999058,0.17746705940507912,0.26891144373009196,0.7489154668551441,0.4516932081046305,0.02913429493064953,0.2691748049153734,0.20205109699495505
Asset Management & Custody Banks,0.6244078435908521,0.7704943874501697,0.8688841298330304,0.37266546966973774,1.0,0.8148061075037983,0.35733850666622274,0.4927206382907153,0.6827212482787764,0.04246416626997779,0.26740550374664934,0.07170230072488383,0.6919650463809482,0.7360593280060306,0.45434902264055427,0.6587110495295485,0.568632104027806,0.5737758472620551,0.1398382063455322,0.41557880773172984,0.43300187246282185,0.8554729859715853,0.2487636107825951,0.2812588864625532,0.09747154721299937,0.8242967008336528,0.6620431885314673,0.49080966766959183,0.5479890808023126,0.3865897484015599,0.8887561493475211,0.8963527544214053,0.86327867440471,0.3303646743783208,0.730730704340691,0.750668504962108,0.40543627707225427,0.6772843514567731,0.528445526138749,0.738324007139063,0.42620786463035243,0.18160562301030161,0.32047207414995493,0.48309467979351156,0.07762772950867024,0.5414140008429529,0.05660290368937734,0.12835736168737294,0.13534151000475972,0.12521450703907058,0.30781884547297095,0.19616929520425516,0.36422857809366893,0.8120622432313824,0.12849165190392964,0.46888415806746137,0.33563357673147237,0.9248845943756966,0.22959874681009204,0.1699552027194275,0.47838559202121267,0.7849041112097915,0.5157300300334721,0.5434111441203332,0.8631094122773739,0.4465967333838349,0.43548445783160716,0.05432299859142445
Automobile Manufacturers,0.6277614917284801,0.3289787176309418,0.2830999172428764,0.1827285846368575,0.7611644877858094,1.0,0.8620268361423569,0.010889385745110666,0.12263722137396844,0.42333805936516594,0.7218443335890571,0.6509912643141448,0.8343608604586886,0.20489064277903388,0.9627007693446186,0.6401129447890995,0.14325042032525445,0.6280969082905016,0.21425961821955955,0.9341568355689386,0.912770958944175,0.7765641856015629,0.2962791572321515,0.35560361103280735,0.2640577845122647,0.4320373623050015,0.32310654851872667,0.7842462971095496,0.3081757858329445,0.35698740555054714,0.08576458969226378,0.012788682984585752,0.5934122345460154,0.15460246377397466,0.7661733044808403,0.9241039500696339,0.7527355152791163,0.2904100952925654,0.19541280775237874,0.3105256456405924,0.14040914126300894,0.8037801257111186,0.6255782409026066,0.2366819100714868,0.5427046422063617,0.28731173847109925,0.36516226553622677,0.11533916914613376,0.1882509570642314,0.22922379980001825,0.2805301069767599,0.7310427596914341,0.06259360179989033,0.10692837309152868,0.7322931081140669,0.4032010672097942,0.6240557951589071,0.11965945203094223,0.3017075617748982,0.31523300612507527,0.9025403100072179,0.9247957881101534,0.3187368524307885,0.541777452239043,0.4479276243297293,0.8002386741090944,0.11946078654902763,0.5005993323989326
Automotive Retail,0.43998411255840125,0.6517407025396692,0.08316225270353819,0.1068843175442681,0.17733114849194365,0.27482660142593085,1.0,0.1351907500917518,0.5560325296690113,0.3080459547868708,0.6264516171721869,0.18924088776356865,0.3087953587531993,0.20560076759470178,0.2624526714662219,0.18450630827841322,0.4626462734374719,0.4430216608791664,0.18516291776908989,0.21364331374521867,0.03592242698045728,0.3976893205466497,0.47157431064259386,0.077300634697816,0.06644275148693747,0.15395245141929295,0.5519979298879383,0.27716100746445904,0.08600140899271617,0.6397612132335798,0.128722638720476,0.5097836688983967,0.11976160233199257,0.17904773821825543,0.4198906427817025,0.7574002238259407,0.3137433825728627,0.24512389221210945,0.17651317631591137,0.6675718054620658,0.13815943142252696,0.022203983083329857,0.014087482370210614,0.30147214725881266,0.42121309068267476,0.735777980669693,0.40746775023670057,0.930335621061403,0.44452616367551234,0.6006464245813713,0.45154074586198056,0.22261971394728683,0.3939443970692745,0.8173628586996372,0.005872695437004641,0.8353360335153232,0.5366144681237138,0.6450544482967028,0.09900135455654838,0.5419532549151937,0.3730095559593015,0.07720836569548811,0.37595915901377386,0.37264240807764887,0.039253246286123665,0.5255655508206537,0.24335223534299646,0.09277311057986612
Biotechnology,0.13706012918941693,0.2794188671641519,0.7166753081382947,0.7581101168174038,0.8836227494972582,0.8280002023955365,0.3338571691357814,1.0,0.4151839912059587,0.5438868759347443,0.4277920900914931,0.663971538500869,0.634574515231016,0.5853506625049634,0.36028520744418,0.42570271802122095,0.706606290237186,0.09864201249810184,0.04455276502859011,0.9250576846140304,0.7707405898873594,0.23801612425687213,0.25450938464550205,0.35722531372284794,0.7024171273242279,0.2832728956776513,0.021378655029532866,0.06895292512996586,0.396249422766491,0.3590841281550158,0.42415569278546056,0.05355958239819903,0.5588973021071738,0.19693683910476037,0.31107505999031915,0.06813520155504629,0.930765423440182,0.9773460764282427,0.4357260356920836,0.4031225546018714,0.797617667789306,0.47503951152696694,0.7610827583195909,0.6821474830807682,0.16789900425506382,0.35378185712504806,0.32832928434736885,0.8268208430305601,0.4144777149143676,0.30286454867845614,0.012826608106382599,0.1548518985953916,0.5989816886112614,0.1592613623778072,0.37335389463887614,0.0423017189561059,0.522617432813726,0.5807347002232582,0.09859531223470623,0.3218086360130618,0.5473446482256595,0.8153827058776325,0.004327091163808262,0.20722915914524492,0.8574832029069699,0.6202343562259703,0.32881598641232407,0.15970982780556975
Broadcasting,0.12848346301203414,0.40529265053707986,0.07807781237730205,0.11723813830848766,0.3352099160335285,0.5381009543950098,0.7420352986676313,0.5838165451903843,1.0,0.13093951210200946,0.3216360244260889,0.0584880071909079,0.16966471492909407,0.8377230828663462,0.15716793376005508,0.7442672573287644,0.4727280169828762,0.5062957475559995,0.0964800378000296,0.24082218763496932,0.2546623464287861,0.3705468886680384,0.8409810793258243,0.6228636121390991,0.667327506318984,0.33628498230155895,0.4718143693582672,0.733171407251535,0.6506379805684401,0.5278017887359902,0.7404229312166536,0.2538043804890307,0.5646728500168805,0.4350736826694977,0.4325140867056264,0.7432981210450247,0.8001891031980206,0.015503116842426414,0.24334839053823926,0.7506942797584053,0.4634804133912161,0.17522346700160957,0.07438951147541001,0.489513552847224,0.17805898495269948,0.7121167880627849,0.4593862425142783,0.12673751775636022,0.4295125637857569,0.4966495319639107,0.722874117966658,0.5088486684570529,0.48923539164215585,0.135817132790105,0.6839972445582055,0.5448751532960762,0.5400701937822523,0.6925164462856023,0.24272744852035313,0.49132636306096467,0.28945519913622,0.4105428473417288,0.33720089732497704,0.49367004140851906,0.6664328072356555,0.884140221275296,0.823468155832485,0.47275394118480674
Building Products,0.4247646354841742,0.601295909209667,0.5088987459912324,0.6565694981738954,0.21477914833345543,0.7787226602945219,0.7903941132152746,0.7727520793288521,0.4848501689967363,1.0,0.38562890149389034,0.11243986542025028,0.0929334206157647,0.34011392893992576,0.558949469639543,0.49082843297737866,0.31969329043629335,0.4866474889558631,0.010078149116437207,0.14655483719733595,0.8794628135940209,0.565745311280147,0.13153111632946862,0.8361348551055401,0.3666957036667944,0.738841943216264,0.19374478108409066,0.3018242643034426,0.28385203629981764,0.8542870666666206,0.6732554713535237,0.5505154958119831,0.6335744266375849,0.32969225932273805,0.13662392261747264,0.6133358967922926,0.8408832380630283,0.6204449203575039,0.5681832426793375,0.29346529585494424,0.7462212947979419,0.1279934198183618,0.34439528633539035,0.04582841150135254,0.016763346742975582,0.7374855129207365,0.3648577906093995,0.5568159390539245,0.5401670908088283,0.5105685103689568,0.20540716430642902,0.29172106389234587,0.17381557218111088,0.531182637602183,0.07409826186579156,0.571764950582372,0.026417366124390686,0.4482424647925345,0.23555242031529272,0.04301860593736032,0.7351415421888922,0.4267475179464161,0.2609729017824419,0.9949149358267604,0.7058449169272054,0.44553319462387825,0.46627748193738505,0.044669099522551596
Casinos & Gaming,0.1002108416958494,0.41044938861906016,0.342684671201713,0.46761428520788656,0.08779708459202094,0.7452597246618975,0.525911401778805,0.5950989000091549,0.2682559143651614,0.10050940058078967,1.0,0.007203589914894043,0.586152826967447,0.029601241560667554,0.23322446491741253,0.9377435023263722,0.14620247893489532,0.8156149135231551,0.10442818884888684,0.602104571166972,0.21492667342241495,0.5924980586073646,0.4403151851697929,0.184406672146514,0.35997793133945033,0.39574739255251445,0.026368648562834288,0.44457860385446674,0.5282714798672625,0.2933483909340487,0.055725689024190415,0.5150037778387827,0.36918265717190524,0.0946566207856728,0.23862212183032738,0.16613467603891371,0.26307033149124454,0.6628904752295208,0.6039439402188643,0.10926736346166106,0.5199557024260304,0.0928906329235388,0.746685937721462,0.002130694278275219,0.09628019841573052,0.0717920666737291,0.12283197067931748,0.05819723523885021,0.22454343924794348,0.004061062141847157,0.4446959022961934,0.32217812778342547,0.004183450945180574,0.33949477084467417,0.16032210123807084,0.08195375510613019,0.284883115962916,0.32033936084131887,0.2603229724701265,0.006614321955178749,0.5418457363436593,0.3121276417127404,0.373537843550498,0.23740710463418643,0.6574106422077135,0.37281593739151775,0.5554249242577529,0.4274453881041292
Communications Equipment,0.45377875631805087,0.5351652821919044,0.7164273685776069,0.4169205537303736,0.1595095482084757,0.3590181087662583,0.24296599281765577,0.3507375921607989,0.2530767182731332,0.13678972028411948,0.09102203412177617,1.0,0.5464999113118876,0.05659510285931946,0.6718913301554618,0.3314218276987677,0.04308837763980152,0.1826649431493698,0.7909363590383571,0.12068019677913097,0.3002455428064391,0.4182152749904007,0.14403447023483612,0.5822569757724462,0.2608736641692014,0.16916913376709186,0.46576325136674485,0.6597440861433905,0.5342271520601558,0.8400354577633766,0.1644601065807256,0.8819147515507335,0.4555072613644695,0.9109652844661901,0.24096898141178058,0.7076185358335758,0.16479371194814607,0.400812518449821,0.03608823695448201,0.5286799849124783,0.7135950023042796,0.04525205431943185,0.03639052939959919,0.8250385921308662,0.559962814893115,0.5549686782985204,0.03742691552700893,0.025720444847936744,0.04656369749293424,0.03431781904939415,0.2424624987931128,0.08051705836445745,0.41122846587813255,0.8667190896473221,0.2803099788935199,0.882206813673052,0.1369280929206133,0.3796017790821917,0.3283578343287359,0.5244127797703925,0.5346278342593498,0.5569168989724498,0.7714162972700389,0.5276487283841225,0.4825376479553871,0.0922489388736131,0.9252381869965203,0.01414434566057402
Construction Machinery & Heavy Transportation Equipment,0.3049473768071758,0.9622187857172985,0.5331250409118795,0.19142543014748928,0.2629368400867115,0.23962366094819246,0.6836471058401281,0.36364382593292555,0.2240564754946607,0.11284622632048627,0.22486718538383385,0.057546463783639944,1.0,0.23584050714087082,0.3313045518973703,0.8065385749739984,0.4070849464219753,0.42393194107236565,0.25185250951268073,0.5292029356737753,0.1861305220751437,0.4118772179562852,0.2670539755065607,0.34921494104883016,0.36092462500697703,0.7054712521972796,0.2620424303287207,0.8451589901938745,0.7207224215976642,0.10678546160483242,0.38614519717841206,0.865864095327172,0.5798931178854815,0.5494715921989561,0.4139635505057939,0.2025945783670631,0.6088525762433398,0.4312445819484012,0.3721849598306932,0.10107894076648116,0.6291433789385961,0.22349853399868536,0.142731768532258,0.0012270702668384006,0.01785797502151039,0.28118397492034114,0.25720621137839306,0.12174116077705005,0.7208520610149445,0.021837851473209997,0.1640032756878069,0.4264123592757332,0.2761294323002888,0.6823716413892082,0.10489804336563921,0.13251959267737215,0.15821864318926357,0.11397763675940366,0.17804856708076433,0.03278153614717746,0.06242185624978516,0.7042711149380919,0.5611601051621391,0.27974816681712644,0.4962301825869389,0.2806351838939922,0.4565190537906852,0.7411517706383933
Consumer Finance,0.4618051079181876,0.22054537126701806,0.28863802845001485,0.5743123241981901,0.3239945361845468,0.47566201900174776,0.9368902414350994,0.6137725210521413,0.511961725409778,0.06494438871475754,0.5107083776232435,0.19617500922319261,0.3737154301374918,1.0,0.3414235116288552,0.6808918679853294,0.18516422427383483,0.6071176460151652,0.198843792664484,0.20449416074882906,0.10809942635950265,0.5998838544535251,0.567050925642896,0.12245325548282648,0.25076120927255435,0.8017407382456332,0.19955946570230995,0.6600435524015195,0.6271266670284917,0.17501319236153307,0.5626574476859805,0.383640028962163,0.6228563327316051,0.3167750018342827,0.28813516994266825,0.9151304795737492,0.7325284336992864,0.2971170956867531,0.1037170516398779,0.6453503304544098,0.20802181507826004,0.45614293068645256,0.2189762224942707,0.13037443528323034,0.16162154485653632,0.7070037055356143,0.4225673599805607,0.4434690935572412,0.8341295023994327,0.5548352372514894,0.3220052793754071,0.04350230045670384,0.16118669387183768,0.4675095459616946,0.3603276709699976,0.3624910003386531,0.46084174339017203,0.3798272856476373,0.08092245930306798,0.19272224436259325,0.24715056464408633,0.8430099449378865,0.45099628488659,0.20557795445557853,0.6851179453476719,0.6716995509186303,0.11064698978887619,0.18495345049237782
Consumer Staples Merchandise Retail,0.5855893566821304,0.3382175208370248,0.918237409565106,0.36773184003364995,0.6534413654628124,0.5099501313772054,0.2320760890525253,0.2532752654420291,0.35909682272959526,0.29986825816971735,0.3908451991650198,0.6283373157748157,0.5765491427560848,0.4510378296785149,1.0,0.2574865277298907,0.6643329995198537,0.5385434078609458,0.19254116938089583,0.6740085406434462,0.6986046642901518,0.2035539163693295,0.013498949557635993,0.20813600385101924,0.3109902157367613,0.8056441905664165,0.5698247205837482,0.6538761663497027,0.8879690132735142,0.0796451490215338,0.31954700170419426,0.06304429995904881,0.7111920088308566,0.3480488770231901,0.6710962237602942,0.431187213254628,0.47585707768837626,0.15741625839937198,0.6030276982525536,0.5989614993599315,0.12910832083732615,0.5364020399792784,0.27327173240069846,0.4581304936337535,0.008417127967563389,0.6893563183761896,0.16218369880337052,0.3403427270332482,0.5230654507484813,0.4996792869270667,0.047262944485921984,0.513428482020725,0.11198276831017515,0.06254546787043645,0.7911443412065257,0.7963441573510907,0.14375375818014785,0.82188575943965,0.10333453597119656,0.2913198915816887,0.8361497314636555,0.759025320858826,0.013455860196865743,0.26573411959635673,0.7234051544979356,0.6953221137465792,0.08922547240549665,0.4634624035417736
Distributors,0.1269164091779,0.5514822298645654,0.3939056655633868,0.21878599403509472,0.5559501198346852,0.40754315396938773,0.13153320365772564,0.23922399749470982,0.559301420748169,0.10813857444048214,0.8811674808230809,0.05312823289680955,0.32846331565307596,0.22990212684637634,0.1436794092641888,1.0,0.37653447117181166,0.393092698630991,0.015646654040306043,0.45401815753499625,0.5275413006093522,0.03621162945361712,0.7636901272422735,0.212698492211217,0.26182847741454846,0.2596948278712595,0.07798199906633024,0.1365802007815317,0.6062694933533789,0.0611506016031681,0.08783217577150633,0.6998566043376502,0.7838772950652713,0.0769251207709191,0.16869543289664046,0.22205657969983042,0.3786200365487887,0.660785062833695,0.762500024242657,0.4696699354432994,0.32373881792748305,0.07294670612857415,0.452947178170995,0.09292505020269008,0.1511434183676784,0.3564598088573814,0.5383320757766566,0.9325729512343679,0.4072947853001429,0.5549144141173674,0.48479245274682814,0.6589839901746326,0.10670824131956612,0.3254994784217332,0.00485000656069058,0.2088418119352807,0.233269721547989,0.5893768245172744,0.01543119072639334,0.020178594738900716,0.7654472432991711,0.09910798145579489,0.21769408588633393,0.0775534791428624,0.29849424019950116,0.540739166291873,0.4939580709843405,0.9529350467397657
Diversified Banks,0.4679465676390805,0.38992373039312866,0.810551667696031,0.584421702883952,0.9193736255011702,0.23690450303952085,0.44178342376491386,0.11592728971878331,0.8639566054753695,0.1519552153280945,0.6347782158929868,0.19598373525192792,0.7723794941335765,0.4946809352875024,0.26639673786414875,0.9426647924270349,1.0,0.490856879303599,0.32233928651260935,0.6663535132525598,0.5021541987498359,0.40171610369557686,0.50328276221024,0.6443028056428605,0.047250657135941884,0.8789099389983328,0.3480154451571339,0.48143284396920505,0.8117998570182321,0.5137737525306684,0.674028877060414,0.6318385191322208,0.7281546784411351,0.4987734166426043,0.756996399746682,0.8628220095575104,0.6475243415842208,0.15677172905463388,0.5436530200474081,0.8359255781144336,0.7078987530624662,0.07953114466108561,0.2828281159565118,0.25670277260937385,0.3982995159341821,0.4622341609053546,0.1392433501943665,0.17192275364719994,0.3987976357481,0.08329722242414374,0.37015053757439303,0.2825580360237802,0.3824872076142677,0.9528835108237643,0.09493890417566866,0.5296020394516738,0.8628245779891557,0.3419941429016491,0.1369297989162938,0.39238408919827816,0.8700793565529383,0.7769909250608195,0.9107366449686372,0.5392787623253985,0.6021366425710201,0.5327544819837114,0.8190559763905791,0.08416110549129655
Diversified Support Services,0.05509127580874241,0.4323582403357238,0.8076185539860827,0.5007051846479835,0.47857532883575304,0.8001907498535824,0.7115512475122401,0.24719160979948976,0.18015367215795566,0.6386756683890821,0.13508834483509585,0.3579481593891929,0.216297876478019,0.18087184586433136,0.06419971294535867,0.4266317629160951,0.07466813983460074,1.0,0.0011637209164410596,0.3577887082908625,0.6720276769379067,0.09828995890562468,0.02356883563290545,0.4563182544363752,0.20365090927739704,0.48697631313649914,0.01495712235506794,0.05771721081461921,0.551428477463228,0.3521831770962349,0.37753386097262426,0.37471837399234953,0.2875207579007461,0.7088121562706429,0.2953222728876306,0.4262684321928716,0.7992981286502372,0.30288654371593654,0.20276276981924182,0.11243615455851896,0.6745017073008969,0.10853849517038017,0.8328125792437682,0.1898441663521607,0.010239058282995792,0.17446435256577955,0.08419973953052902,0.26379949392276864,0.17238833658566452,0.2707095032274132,0.2600492454456626,0.29451786922936934,0.10244972937914826,0.4482516426006309,0.02200490705069778,0.10255751853835582,0.17573066208641472,0.1614879769485293,0.2815986162097653,0.09970044808011053,0.4665925080660137,0.6661874271817921,0.015974025650663463,0.7772464176579598,0.8613870233587604,0.4528110713837831,0.5739207888967374,0.26935180139292436
Electric Utilities,0.6730788648444497,0.8036758077314234,0.44346355810598603,0.8787865121851962,0.6443814485466024,0.7391437143231404,0.4574187243291954,0.4709472300396237,0.4140646276916019,0.9155951442040451,0.1383497502341465,0.6537740821759326,0.07428149376095368,0.7998223235327173,0.10811769450379363,0.34290439120444566,0.5683031169478312,0.7096574189292314,1.0,0.5351950059180058,0.997464565717151,0.10633391972744252,0.3503892389401317,0.7969757444074074,0.9583671666083214,0.90504038648485,0.5280619450379546,0.5358343343841435,0.1841715020440997,0.5351994797550079,0.8057265598191242,0.7408311823662809,0.637430473164025,0.3903454309422896,0.34948333154245376,0.4503796350940242,0.8781789680258064,0.6250460211000411,0.7363402384542455,0.6487546154217472,0.6477477445410915,0.19089444674953804,0.39818350971460337,0.29591276206241796,0.2959981760437422,0.6211244803948235,0.2832420971198404,0.6324928969270148,0.45839621956535187,0.8313233772113524,0.04573639385584499,0.5526986069536673,0.44720598420543384,0.874431728186125,0.2541406816639231,0.2805045222792035,0.5475637901931103,0.7314346206836637,0.7049014357560787,0.96544969160543,0.615406159876796,0.9152205543641583,0.6680511732227655,0.8112215663661653,0.9330166430178248,0.6384387784126277,0.7828361227196813,0.3013869919344885
Electrical Components & Equipment,0.26278822371161376,0.5970755722910963,0.41564383622822887,0.16460818373343766,0.7990892745801378,0.7036072028799943,0.8880921519831674,0.7843494539670759,0.6954010935185595,0.008070942849084616,0.7040387894914575,0.03566226500477582,0.5485553228132454,0.5341364019356755,0.24213682733656788,0.4479132855072527,0.5492226061766645,0.22375061533771878,0.0022126903688698997,1.0,0.10810202280707715,0.1489275622228413,0.148003877489206,0.15646299349528373,0.3105015986158404,0.2299531893882385,0.23406861711704258,0.6705895259598408,0.3462792113187019,0.09825524157236558,0.7462969475144255,0.32265691671088886,0.810540879020804,0.1667583996900362,0.2512856952557751,0.5091544998681286,0.9443289384585114,0.7699868635578178,0.9718338335298263,0.4011825962164323,0.30709889577028143,0.2534663574480981,0.09527640375746478,0.020122138564341873,0.015577597036818706,0.5521156673387422,0.15974774667512487,0.2798768470951059,0.41535073852770593,0.1991529027344161,0.535104954101654,0.6442651548397411,0.14710219623282916,0.6458282901995087,0.16197047317181773,0.26634726013199284,0.18304398544077694,0.609069970315382,0.01660138412101655,0.06526422270328158,0.25174488703151193,0.563334816064915,0.3470023679262144,0.09715182903089528,0.6074452066923003,0.6130226462689587,0.16827758431798376,0.18308408354848074
Electronic Equipment & Instruments,0.10253667878916244,0.390375774902145,0.49429928924984234,0.6425677478667701,0.3496304973578095,0.4085941331340444,0.22745665889763683,0.34926889903323477,0.5168280728873328,0.359765936102001,0.2506381109403958,0.012738139722453303,0.39869669337128777,0.3750576231565584,0.652067481725784,0.42745561376842217,0.3085238462468013,0.4788406395561388,0.03567112792163431,0.5661967351519396,1.0,0.7793610910959325,0.13977595991362915,0.863938167179731,0.016855112701016584,0.9206960417982414,0.11740674362725173,0.08665720583320109,0.42428620730797606,0.8439221690302408,0.553854717264897,0.9623298443638081,0.614594825307034,0.5704189697455876,0.4476839660178398,0.43068843687412156,0.7025597938857802,0.9160341216126436,0.6390914482131854,0.2166402807972281,0.40418780780444913,0.09969647423153798,0.3838435593566266,0.10647317542926053,0.12159241732048187,0.1838597711905831,0.03836160659381307,0.05699966063211146,0.027303575768063006,0.05334251795371482,0.138842423948411,0.20955257569689922,0.2955636931798345,0.8000125428387639,0.03847851841458706,0.15849782173200674,0.12890585550701034,0.4957097169783667,0.18791457919843518,0.03346981386186629,0.6434253010096144,0.4456807149535317,0.22178472724375992,0.6973725331162918,0.5274174852743448,0.46782086607700224,0.8080781392468952,0.024158665208656848
Environmental & Facilities Services,0.5992955380950619,0.6857380416732487,0.28710464237355315,0.6388663061528561,0.07575839752910123,0.8929813046239055,0.6214993200341722,0.18129555219746096,0.6504832727122558,0.3236868822150941,0.3999308355690802,0.7578808022511775,0.28294680294904984,0.47017038130477573,0.685415880957624,0.3640344909506677,0.5492064886593537,0.16019360369160698,0.08239313591188094,0.4013164303262468,0.24629371824709484,1.0,0.22528585446119936,0.1274081098606775,0.24534675988255641,0.2679134558364997,0.6775803965791494,0.07750780510715402,0.38749843594515837,0.22377633755641024,0.8283744012715057,0.6556572023019551,0.3587847569241953,0.08801136211399381,0.2978583198609091,0.15832162640068811,0.6658421007171643,0.8192182632200673,0.5179529452578621,0.22967486258654396,0.09355477935728437,0.1343463106943303,0.5585861121898693,0.7620283247729498,0.0983733887572211,0.36794919768749773,0.6104658685681925,0.8286211027604775,0.8579637283498633,0.6131623876752619,0.2689002323290562,0.03697724420335759,0.4603940890619409,0.6680477287782101,0.031058909671929348,0.5466243521991083,0.2576679507536483,0.46182718691857017,0.4940549139885985,0.6855354567874715,0.5124713947540998,0.7380945336256926,0.17252107252389606,0.1603599718826373,0.8091483847378709,0.44533953825439526,0.6215712879594774,0.06407495048383295
Fertilizers & Agricultural Chemicals,0.07805171321386092,0.17822753402092056,0.5276609723897177,0.7521063926848788,0.7820595321582835,0.14890335982073988,0.6645449460871578,0.5672277139472427,0.26293104105550613,0.5536954987710087,0.25051440630277094,0.6702268591552341,0.22102022613842723,0.3970883839815515,0.34026652845479344,0.3055137050651674,0.522098669327753,0.4530156656553815,0.2327030117190607,0.5477785230113849,0.2857226844369883,0.07003081179596926,1.0,0.42855017430941217,0.1892739524219492,0.5558903917690207,0.7807960034146771,0.45311515727721335,0.3906525098597752,0.6256644247741385,0.4098918749595494,0.05439070099008397,0.07639640893795617,0.2104217298615,0.9068123919969617,0.49893114304502517,0.33726479066676285,0.9274987537488613,0.9322272183661551,0.7762327366125783,0.1636581948668803,0.07768459141267348,0.9356075002499672,0.29443477558960873,0.14742366258365516,0.7763744139552863,0.31165742026568605,0.4735753138573966,0.10167496513843022,0.44278466607749944,0.48641265529222993,0.6349520673954465,0.24541675249807374,0.04310099973864968,0.6841075203036476,0.6970374020229284,0.2828758960872125,0.9448422105026559,0.08729069363826593,0.5000968877274155,0.3561299371310099,0.5060134311511942,0.08626500029886602,0.2904970273871149,0.9685729213628893,0.4418233614571727,0.15429938291079925,0.5685460593758529
Financial Exchanges & Data,0.1634213593024709,0.6670841180935121,0.6575413289942259,0.36326456516445677,0.1858337007269491,0.8790606721721799,0.5695128315968112,0.8131495918995442,0.761246580626373,0.48884496465052624,0.10138700614629073,0.6067764878868964,0.30015661780247366,0.13632055313490848,0.7105645006170354,0.24315581255882193,0.37685742159911567,0.10467920953209216,0.026840363101514123,0.16328777268722022,0.5458703598643129,0.31686704148026,0.012288946965500345,1.0,0.09561887558398273,0.3117543481417378,0.272809151772263,0.12076126943048343,0.18727059354504683,0.8692909729708096,0.45824329363578614,0.9268157518670239,0.6376603565067869,0.19087507400307654,0.07681427996079317,0.48185970992363336,0.41505949642173207,0.29652531813688926,0.4230474607445123,0.30042029510685103,0.782215644460437,0.2302624132292885,0.17349939084702543,0.6163190576819888,0.08241374395149813,0.3997190400062935,0.18969362769653492,0.2587945628959891,0.18914655605392092,0.2997590985967823,0.044334496456318345,0.3411819721626809,0.34459523569296263,0.6029582500393489,0.08842496022991833,0.20186913617663768,0.01846773323045106,0.40112244029141836,0.8526418990120628,0.2548093668087537,0.5736598612078038,0.5555730982054399,0.04192392490378083,0.36263589829453996,0.5116362845061746,0.5171145783760287,0.3033449005222032,0.0365730601138095
Health Care Distributors,0.45979046804435086,0.6896014746799465,0.2110651665061446,0.49038855158781625,0.44238124022985803,0.3810478183198512,0.45917273447887796,0.13804934963783816,0.3264692973123527,0.488461661909522,0.6283135423029648,0.36247950635368664,0.26626867405614935,0.697774670846603,0.8294888673834994,0.7717964141303248,0.5359715560155239,0.47173891556412817,0.6190517940519592,0.3300512142038885,0.6550926937162476,0.6106520200913591,0.8052995777585348,0.5838343896802884,1.0,0.34636288257076087,0.2734479010786921,0.7591739221806547,0.9019036360894562,0.5809027551256148,0.7527800808219054,0.354711226713127,0.3829478841361405,0.23326537582663265,0.7033242216008125,0.42993091690738205,0.6607724880500829,0.20962801971966358,0.6203688815757259,0.14996601521891742,0.37021808389838007,0.37056157328241607,0.4114291473927136,0.8583062680535204,0.7412931339831327,0.10124626518440775,0.1921763024082513,0.22001539057575348,0.42847019666231656,0.20944356705967476,0.3978930318681846,0.24895217622493424,0.5648199064834422,0.35883752439980465,0.06614941639301343,0.7274975481261506,0.7901502178186678,0.5877804684512564,0.34317753071751034,0.42324082060667023,0.4407481019630392,0.6583857961282276,0.5732141129509111,0.6256178519483385,0.6325705586470214,0.9159764835656825,0.8818249612568778,0.25165186980960874
Health Care Equipment,0.4164815678643219,0.5351799905696187,0.22914318137800238,0.2525453039214585,0.4537528807937704,0.4049165408120164,0.8886719826395605,0.6022363069030298,0.4855219773888705,0.28365562924354604,0.7021985677029845,0.32155216680222354,0.37327264556132295,0.7184109674907152,0.2482519284588629,0.8764824352917652,0.5947870327563042,0.6378517646344878,0.07819145255881477,0.40607325063912403,0.2807334200257789,0.2688224995943126,0.09338413170798192,0.12874424429251174,0.04582862477062423,1.0,0.26089364593448744,0.21005267744978448,0.31732001803220383,0.2679703747685179,0.825705155566622,0.8395079552567343,0.9057699713153825,0.7864092575849878,0.5889297573691509,0.5732391970078836,0.5989751857655513,0.6646607604509179,0.6684807407930772,0.3668900884698092,0.2249743137784169,0.2477171364268113,0.20116127924198332,0.130255808434306,0.11169471594086068,0.3399628746871509,0.20274774687512073,0.35259897839770005,0.46548432439797877,0.4879146227481091,0.27800270312962716,0.303342981531538,0.29095297800303116,0.7793375618300693,0.01543225071185251,0.3065975554637449,0.35814945570117424,0.7981007560437338,0.058826553149894635,0.5561323476365327,0.8277672754440819,0.7490696088330779,0.10318120089188489,0.5968422944779357,0.8397478653346283,0.5698115671959545,0.5584235251668619,0.05131887730006577
Health Care REITs,0.7422254247063274,0.4310117210904712,0.3060611073715189,0.036525804237992225,0.020085566604730043,0.1194768507241989,0.2611734178029826,0.058401503157189324,0.32450961027211206,0.006991469215442915,0.33581718209870837,0.02629902769167408,0.26039968125578555,0.12680634243386515,0.006181197903035162,0.41484052732833043,0.09173184264370747,0.08336258963946115,0.8575805320072062,0.012193067490334338,0.028234640167695977,0.20788123515248297,0.41776557225281213,0.06267760358838732,0.7085132500162405,0.01660520763237647,1.0,0.03297205369402121,0.1437752728516111,0.1978806322575798,0.06949560130456092,0.16489338211737117,0.14458526184495216,0.09591451334188443,0.038024909693755486,0.22670717131434356,0.023034785403209156,0.07651832759269973,0.09252776451048728,0.331310635530297,0.19079805653859694,0.007964016082534954,0.00017121305584074365,0.3982075923983971,0.6706627771862805,0.6551492000547939,0.10607098057996049,0.25646590426549404,0.3136979169617172,0.5895642727655427,0.07382312313289109,0.11138211423597473,0.4134338088124156,0.2300200272403409,0.08113647133053883,0.5390694024858665,0.5900813325367129,0.4587687928034407,0.08455461221510699,0.8102292476582043,0.06456089597222535,0.02291123245936248,0.1588011949989039,0.054231595568010646,0.09958551749271587,0.10132884154280809,0.4187237286275236,0.02851044928312775
Health Care Services,0.3295948380564447,0.2567847227412558,0.41093668860441357,0.41641286400578087,0.5564416412146408,0.145357997566873,0.4909200082543177,0.052555312455836396,0.7720059825385602,0.5064167948619706,0.29134909490754046,0.7286614186231435,0.1101012154084408,0.7582856764288793,0.7861506346081711,0.16438551574229326,0.4564311941937251,0.3496728835351159,0.05026281755280437,0.5438964173527941,0.7123553041306401,0.4232979760081639,0.9119957731081825,0.45677517902445663,0.30826700081987335,0.5343406278157034,0.2858664604659537,1.0,0.17272729051344185,0.24530357467600894,0.6416385081274765,0.1536508364588033,0.11654715345073884,0.1810177656312697,0.3194245378853228,0.13461635712849546,0.6318920349754362,0.275637170838567,0.22249923501876417,0.49893595050501255,0.11499121813043701,0.35442055670320927,0.5224738477301141,0.46822915342338844,0.3683019754798068,0.48180548473169593,0.52061294636008,0.831232755361757,0.3886645764198466,0.7394625738308157,0.011721362098085898,0.16273295672030577,0.8413061292434306,0.36303098081933693,0.04119268932256762,0.20362316945474654,0.678959068409496,0.2838833538031935,0.42289859348924924,0.6919184422696218,0.7401559633713871,0.26222552698690194,0.18659550521228382,0.3022878033146366,0.5630865839347924,0.6421339473596475,0.636995125251539,0.08849110874427459
Health Care Supplies,0.5643481666606683,0.25485695126207997,0.08682419266886482,0.21262347963916853,0.724663170403026,0.9148829821561145,0.6456666287588714,0.22752588179526448,0.44100911451820524,0.46797806466464886,0.5104567563792882,0.4746607474431847,0.8672554602707073,0.29040776208243624,0.25717756881685944,0.9723076913603843,0.329532405010388,0.6659523115139401,0.09492942990283683,0.8303177330506591,0.8642167997582916,0.2853762479306021,0.07091917068760543,0.24432330341837602,0.22729205263373198,0.3276996553323832,0.06687731323214066,0.4145135862128378,1.0,0.23332700210490132,0.13773349714267605,0.2196457447267333,0.12019988887079272,0.13360249395870044,0.9327795533906933,0.19156871570935857,0.5147198648175939,0.35076527645296063,0.6335051710028341,0.38484083197125574,0.14615695911476448,0.4140936684426338,0.7415237632584395,0.04322634106103463,0.04500184360783132,0.3209820414632054,0.2841662122712289,0.11201533314687062,0.1391761433785523,0.10982606854503056,0.5266870056322037,0.7745551719462451,0.19727594431607376,0.12241044553637905,0.40849748303858135,0.15948456820656037,0.38229209227762523,0.29188270909426894,0.22701384003077185,0.19065174011765187,0.7149218710380812,0.5482930194916411,0.152812996860022,0.5259691383907672,0.846038017332122,0.7040207584105773,0.29931576619374756,0.8692504432002816
Homebuilding,0.30695106033812153,0.4397236619838703,0.7586218304065063,0.14171609891349818,0.5245592289087246,0.4975361969166358,0.22859561541884346,0.56964137060325,0.23383936099474728,0.659494654741093,0.6749008026216062,0.05252464485670208,0.26160155122948037,0.3018071688719048,0.41747196069591075,0.19555548844798484,0.37314820451618363,0.8159738394749004,0.022977146400693624,0.7175845937369679,0.6570487738311012,0.424218742184081,0.2046857371336372,0.46872223689796505,0.40823976647787424,0.5259037256577521,0.03743439742995616,0.14820960101779537,0.1606604509599723,1.0,0.2792875448417732,0.8761333471194827,0.5944381483204098,0.19534657864341975,0.2746935537687187,0.1424595542724618,0.39860094290738146,0.7744754973177508,0.5736377119867332,0.25051752368032637,0.8290151310226092,0.050425016596809424,0.4022471155228619,0.019353764279308832,0.012670760669891229,0.44553599637966795,0.5506536532898504,0.5102280044741471,0.8441997918097148,0.12482936335966305,0.08838062879498612,0.49276408837751967,0.1794346186522189,0.2471168198868028,0.016702808224541607,0.30180613985832533,0.04863303724094396,0.21278022795837523,0.7384679993518513,0.013465797472359998,0.4210917311835045,0.6353496250363645,0.15178717159627675,0.7643237592091673,0.35025362252156766,0.543086866114179,0.6470826258040715,0.6376370214828072
"Hotels, Resorts & Cruise Lines",0.4396216695497042,0.12070092900586092,0.08372956198070156,0.11369742280927839,0.609279367631981,0.613164250969426,0.7511318719504136,0.6731468631434256,0.6074823243893874,0.02181860922004239,0.293993126910188,0.12224189594670704,0.67727127229662,0.6367631206675295,0.20965975784264101,0.31282658056096074,0.5489074583772138,0.0720482260263537,0.0180578274435039,0.47697748855795075,0.1138410786396382,0.2735144335223329,0.08871582025811177,0.11435096366366117,0.17891308786841664,0.13899907311012558,0.3396516363032489,0.3042999186102363,0.07674124522991153,0.08269522474415889,1.0,0.05737348754277224,0.3680074670202404,0.10986685204490983,0.052455889749103875,0.45460611624619346,0.7968606495442075,0.4339397404746704,0.7108647705111678,0.48888684449953407,0.1302610857812529,0.29185190789506893,0.2519996055899466,0.035626331587994345,0.09089747635410554,0.38091094660634106,0.37610788604302586,0.10402230345204622,0.3685039942010493,0.21440413818279508,0.3716763776409135,0.33535653825600403,0.2029859136490944,0.0982273377187993,0.5399755512890669,0.15523964046025138,0.26564600964838164,0.5074635653389749,0.003335102582938294,0.17924029175093031,0.42585964469985277,0.7757079106005188,0.12166404768817966,0.08884099181446647,0.8766837385514009,0.6938136290517624,0.2467592498864252,0.048557355152078
Household Products,0.12823588796350474,0.5674651573288242,0.9143207839598394,0.7729090221682952,0.9445939486713991,0.6863892796918701,0.45756367933306163,0.13079722073983127,0.03257243590828353,0.6735020997942972,0.7148433398601025,0.4234119825843347,0.5623490701291384,0.4471228214357808,0.3651217545623128,0.1503926399923207,0.49603660691547324,0.7143687778530483,0.06543957291951435,0.7993389821538961,0.8413943963210646,0.48867765898124166,0.0496014383951104,0.7994558059875901,0.22976822775129613,0.4707792689379822,0.01488086282787551,0.10985053542149238,0.6688329936723855,0.7606837343867963,0.23122152008252175,1.0,0.7552124679989078,0.5305968100456213,0.6018503622271252,0.58178530112398,0.72588194402928,0.3117279483310631,0.6069023469609508,0.4416299255899249,0.6601529880530592,0.2991152026558129,0.33338056643359965,0.27593429175516365,0.1075773219136901,0.40819857481742977,0.5845503028922476,0.6291398398263126,0.5677879298642544,0.29226488975900194,0.19134210158669218,0.9140423280303798,0.0967123401074077,0.560889816345757,0.06286058415520177,0.5379642542504851,0.4169252364672643,0.6823500959342945,0.5021731203307576,0.2941637176060456,0.6181472471111364,0.7216245249274786,0.05386455076672189,0.5915028829771486,0.8335750743571392,0.8181793385008874,0.7248086887378214,0.6918284408628406
Human Resource & Employment Services,0.07422287501388795,0.2796989614178956,0.7729576015026688,0.8657224089037455,0.5468311426302321,0.32857524427766915,0.3335560372552515,0.15196311479092922,0.13186499627336828,0.4600542065451651,0.10674668513802556,0.06873891843373874,0.08917189063136456,0.6920838484013385,0.35489383254081136,0.6075576866692939,0.23828037970359597,0.7653832393632299,0.13308089303844142,0.3858281249059566,0.8971325111597561,0.4176545293362919,0.08405802030829419,0.5855873839318815,0.0011712961225119015,0.7407043297051717,0.49039875573016706,0.05009922662114966,0.24151020374376447,0.8674620382159566,0.34719464034327574,0.38434673172908385,1.0,0.5040153993015413,0.5803751604238186,0.864952201387725,0.3180462276439543,0.6980073072672257,0.5180005109716376,0.20617818887563563,0.14709358259888197,0.250893247426505,0.8233027659982118,0.5538003846213452,0.5664654759632326,0.1070525984949488,0.01521802519039473,0.018757657902916496,5.3907158090734924e-05,0.06531067704062551,0.40569317740514366,0.06829105252628408,0.501847465513167,0.4995092902939117,0.22214115044208232,0.17017040859174815,0.24256034940255006,0.4639328748893229,0.08925363072503475,0.3382796419946479,0.2386935436630461,0.3702315125394163,0.7358997431583044,0.8777619158841354,0.6737298392352279,0.3534033243184837,0.5518807822284603,0.16614488273036426
IT Consulting & Other Services,0.4247648950336695,0.6404125977931899,0.5827193744502953,0.1412078731160972,0.07760033734312737,0.35403106201512763,0.7503907454850194,0.5034929780469873,0.8227049605082463,0.2548700455719805,0.3496139120802577,0.7349764400659659,0.19605875698596187,0.6162838662738529,0.7094223037547632,0.27453441312505367,0.487010505618167,0.6116852439801865,0.05222857062185862,0.07556749192149657,0.33052314621619294,0.7881526359578567,0.07988742986088877,0.11771897387105285,0.035546341711555525,0.7147732510595023,0.4999437560076566,0.1440659028739548,0.08612507403673884,0.5987420114432507,0.7799981055460001,0.9149747775345742,0.6350349678091407,1.0,0.18590194675815544,0.8941472488072495,0.09249709330789692,0.42913403518197873,0.6013769625988012,0.7156468459498406,0.12205948612391626,0.38712997048814185,0.5023113159014088,0.4184307906199531,0.04382244766942488,0.8228242749115192,0.4180736402040732,0.5352525266365747,0.20606245993608918,0.6152416166091946,0.15627595512778464,0.17256974851457893,0.41304116929387247,0.8389170905503666,0.11011816419903403,0.2680978685401659,0.2517992205794322,0.8072278522961361,0.13876859752355267,0.4475593835465982,0.44399942698318035,0.27552140381500234,0.19296713066216928,0.5004999886789894,0.4674082972241835,0.34294194032343683,0.4393358603092225,0.13094573299495446
Industrial Machinery & Supplies & Components,0.29801280365287725,0.650486076835698,0.304243438468694,0.17248312081230557,0.7546849406796627,0.5783316343254956,0.540749201978434,0.7126926060138522,0.2713050368339921,0.08825636812097488,0.5182546891843933,0.057647065643018476,0.572066388720172,0.3390944444913924,0.41040402122558683,0.5307147592408772,0.48827550569066674,0.49979170903057746,0.023541874075488047,0.704345892481106,0.4083039618978517,0.3423782937749094,0.1605896128840226,0.26989583555975105,0.09680594548593839,0.6910331738562009,0.09052108643233038,0.14659379301933465,0.46490004138403596,0.08911446139057175,0.38829467189689115,0.627372117462294,0.6828979423240006,0.17176840061389725,1.0,0.250917217158147,0.9114447953778764,0.833930805155141,0.979805692752175,0.3884094667953337,0.28030991706517844,0.07972333130146733,0.42540176815435266,0.005300734118047,0.012420040866290033,0.3170225233128088,0.34021709529029415,0.34060678363639246,0.4850793488105294,0.21102827524683102,0.3049820210577756,0.7907474348984096,0.17275698644289464,0.5010164505880462,0.02406125926610034,0.16861158472928728,0.18637363370649435,0.5329700088331834,0.019383075118287563,0.014073795890501159,0.6054700724209041,0.7162855648651074,0.18414568995027875,0.29287261133337283,0.8744676745665001,0.7801176926450636,0.4256271331025398,0.24363604816840212
Insurance Brokers,0.36178166379493,0.3704063889115264,0.3168460899258486,0.25826131907725103,0.36443538164489364,0.18832677804376372,0.7570736757170501,0.15364137054238158,0.36504667504949284,0.25676143491320635,0.6468868626413601,0.36261602853723107,0.16337380337319202,0.6564896839901927,0.09711352097299843,0.7519723790142558,0.7297120382605523,0.2764128973314684,0.13341925887351186,0.8701556760053549,0.24858380190250404,0.18467652224374873,0.07424330758476956,0.09567527155427545,0.0012459259425697902,0.34613656928176467,0.3067179293985764,0.019779049005071492,0.3259348097266149,0.39429613201639724,0.3976958657499644,0.16423227006281532,0.5346463394713327,0.20488342463590423,0.6552394069964164,1.0,0.5520166760972464,0.38223820237578854,0.6867556172843072,0.3160994844932309,0.12755990994885388,0.27640929151309024,0.24279494252619854,0.12440564332976246,0.4697651146111589,0.3652783031094609,0.08412734881114359,0.31161976786469725,0.054556525474729355,0.8442318695709737,0.4237565253525043,0.22405702298633026,0.5942576654984394,0.3877964607492411,0.1111765660947274,0.14919782963134587,0.2276562784828153,0.8118291180566569,0.025142947805755645,0.6037684226500827,0.852577876362467,0.5447860564518563,0.49020422993446294,0.35026860716526087,0.2723758645110759,0.21669195744863454,0.43605755804757795,0.5993647258199536
Interactive Media & Services,0.22795047168112403,0.8701491959002198,0.3070651010725639,0.07512594793592592,0.791272761047403,0.18165212069869563,0.83753180187067,0.44136166102998603,0.7227893193490631,0.2538599803531956,0.3281324529231682,0.4182422546795657,0.3206282145752977,0.9203925274778314,0.8887659940163566,0.9343868977783607,0.5176135245215376,0.8468230359290635,0.25026218294530583,0.33765232619727603,0.4627038903588952,0.8331672252747132,0.27955305275778053,0.3813780773303524,0.9717816220130269,0.23023558732945215,0.6113674224138992,0.5641108492662741,0.534727010808498,0.2839926974094047,0.3458816950484831,0.19969133348942628,0.36099392623473797,0.622690836804899,0.5393695723271298,0.7995478253136271,1.0,0.47783892622843516,0.30534556832218307,0.7795155612632231,0.6299091495573125,0.10993027136285746,0.02200592293286621,0.22295838970240034,0.2986864857984853,0.8926658271871669,0.37688200783209735,0.11161559411848589,0.5616746525812801,0.24076954577078374,0.5141927154926367,0.8368174684599896,0.617994301463153,0.41716178936851284,0.4750096511157796,0.5783135596727448,0.9200701502931476,0.5741039928711862,0.30587338046556184,0.7328583397158636,0.3154902061817909,0.5354781391759297,0.5946030752034812,0.5814275586148774,0.6052017764623743,0.055899123735385164,0.3039394926327844,0.23122171954283072
Internet Services & Infrastructure,0.9489726464625594,0.1268019930940794,0.5861423825784952,0.5307442270465178,0.6061269165760315,0.45248256317538116,0.4415078083494498,0.27689003438610316,0.5407950355468288,0.16186853904872645,0.7955183664990946,0.6643051492268406,0.9224950422587057,0.9753044958800519,0.11982049322420005,0.8924536349825088,0.46373151931842604,0.3265575781104623,0.24427896005193206,0.7355304551451544,0.8647080359132702,0.41555235442760985,0.6305203558297404,0.24527663035019773,0.08027955390639992,0.33653333452242273,0.3921053718871943,0.5449563278646742,0.7865522907666394,0.2587301814379151,0.941131117035752,0.07378193326194551,0.64198870688172,0.488796368797872,0.5880911920508968,0.5686592201848387,0.8751202803446153,1.0,0.21676628125270284,0.6270502440357703,0.6664271804424274,0.4356554397875886,0.44060770237948094,0.8660231900698008,0.2835718805574202,0.3438827286606503,0.04783873162816429,0.01619512782512868,0.03908371026402167,0.15983107479851785,0.6573763758756872,0.34026366639472466,0.7478069947107829,0.30596209041410743,0.3745195269477169,0.8814656549674046,0.9115107960133626,0.5604387595651046,0.10640580778916932,0.8877552929837319,0.38340342887324197,0.923881556053241,0.5146077941772784,0.5987784537574401,0.6751225959950817,0.5131616115603004,0.1712083154450184,0.08237092809762472
Investment Banking & Brokerage,0.1657454723617483,0.39424374728225414,0.8971074516967732,0.8013790302307838,0.3382055136709954,0.1373600575021966,0.6408650856006961,0.18166188018912593,0.9803439098423748,0.2689671974764468,0.34361187248986497,0.024175898110722054,0.663099901755972,0.5770666232341644,0.6188618455562991,0.8910411007970516,0.36942344952812867,0.8187294794113724,0.2353702280670868,0.4855033098677728,0.7878093330665459,0.5343377086326871,0.6510177361859198,0.9480898447315006,0.11043489424304545,0.8629594471753669,0.7131437914136182,0.7395495452381202,0.7717361352796136,0.606167971606872,0.5305806910655743,0.8625520053077324,0.7179180634537612,0.6665495700915333,0.8047960267743567,0.8022311332108495,0.5563136262748427,0.3393312713078062,1.0,0.350720375491508,0.5959199597608146,0.14814990423044744,0.5725050709363654,0.2559601270326864,0.44228105758003133,0.265806155309632,0.06184625692595321,0.16803773903271774,0.1713786287983427,0.0587634204885323,0.4726092740735397,0.5779644252824677,0.28118044002150566,0.8773252772633746,0.1520168034913191,0.3135972013426197,0.6881529161678847,0.5154164121474933,0.233211707764466,0.061697571356012615,0.98619229774794,0.3953873016288228,0.7838730609313433,0.7060549068511557,0.3793249117299462,0.35335935809060276,0.6991060466651581,0.1373349220436447
Life & Health Insurance,0.3379296590200617,0.08371400745706188,0.7693646432839555,0.4003508693637511,0.7598450954896262,0.035149693149360776,0.27023934043859554,0.01636058697637108,0.7663493729570449,0.11012188676455195,0.5788447419867695,0.3327622880774152,0.3977363192857211,0.7113972840091368,0.17262378820293495,0.14623179297119834,0.5554250708533911,0.17609672561690193,0.5063989290901573,0.34941529728306836,0.3221507816951657,0.2712837600286525,0.8523645649460709,0.8506954670369247,0.12261377049378384,0.6748239374869344,0.5122232791709926,0.18406420759374065,0.13974132055100488,0.2722352819642177,0.3890990905774738,0.3186871206758985,0.22007783966706737,0.4807808952468235,0.2916050547770579,0.7163849622340512,0.3983916672782907,0.3012246068409304,0.16874544779576847,1.0,0.08088741134554078,0.15569584410904833,0.33678240172924573,0.16881565685023361,0.6284464546034392,0.6067394666424994,0.0787362295435952,0.5798084949735443,0.270367883707097,0.22570819149253435,0.18960406118862339,0.030189457266693396,0.7707348539741662,0.4604382894479163,0.18246275775730086,0.34044197907942214,0.7372637778302195,0.06988596308708964,0.16077731593011613,0.6083335160016347,0.19888321426890732,0.7619630876810254,0.731677034581333,0.07812668076117109,0.6625487342525571,0.15310221991885276,0.7782791138525806,0.10593610841207307
Life Sciences Tools & Services,0.2371513586698263,0.4708103988478039,0.4333020389467189,0.5344546182445937,0.4338891837369398,0.7232714018808927,0.27673542542629903,0.7300591252066638,0.5040978640800821,0.4715877249106375,0.382198568498877,0.42409388996136094,0.277489835352419,0.3924419235307353,0.14718761049565723,0.05541076090290948,0.3852396804385982,0.05015421218324207,0.021443291162263865,0.6144964480681916,0.34638287149897756,0.225587042176254,0.12172100982364294,0.2268960166261992,0.25161031961059566,0.09923722590815663,0.09154404594916961,0.05634491889985158,0.39693607439965073,0.6453107663282773,0.35914070434482315,0.11628825796650133,0.05958202578283436,0.03743023807170721,0.03627652613938292,0.0026526119477345476,0.607725357335337,0.6883213099800793,0.9073943562943468,0.11329327479831468,1.0,0.026754432713211755,0.8415253427766937,0.24293001172804124,0.01058368156383305,0.16806516612739522,0.21343982792959038,0.5790864726620911,0.38765205107764233,0.18149411461340795,0.0026029019281917864,0.045735045092034944,0.28521561186367644,0.0009512796246262332,0.0179203263477588,0.012042949742815825,0.07054215366799371,0.5086384932691552,0.04081847541483243,0.05577692015825899,0.30545737969163106,0.7766941537035863,0.000422638519423855,0.07969660427022766,0.6195551916492786,0.5906480617546156,0.6116951567194315,0.2337262387744909
Managed Health Care,0.07595810883101009,0.5590746713556226,0.7516373892072005,0.2544590486548948,0.9397119287032432,0.07579666596888987,0.5101806007634394,0.2562499663522226,0.4817974282526612,0.7822152930782341,0.725801361902857,0.6370947210959576,0.4978755329008635,0.7077597733058459,0.7411839458977059,0.24660920112637552,0.6547014586834746,0.48084147552138934,0.08305795148512629,0.6636527454041451,0.8492265607450513,0.6878781490159895,0.7818647912603822,0.4434426427083126,0.2767372587628015,0.4632254096555681,0.19397709405767133,0.022075336830937112,0.11675951813063731,0.7334988623051992,0.6953708246927417,0.5996239360248983,0.9116473189663086,0.7081613516708125,0.5924494330369,0.4271069813542313,0.25649210669913425,0.5260196705703923,0.7721764281860707,0.5598228317767138,0.08139189064451004,1.0,0.9033476856910881,0.6690304576132081,0.5114801973951705,0.5595962981287496,0.6211747437489953,0.7915172616486663,0.3948666218845741,0.39905242083620246,0.025556179778828566,0.7275013969341497,0.49648909490596327,0.8569052119300931,0.4358853117125059,0.15701821952709338,0.6781603050058452,0.6965755307211026,0.6749239442696304,0.45440852696107153,0.4807007167842766,0.4926489376887446,0.09111783193608937,0.6071931224414328,0.14038436363958093,0.19523447206854497,0.13035127680517503,0.20642961902255702
Movies & Entertainment,0.6263675243438139,0.5106768383504394,0.4819308576326375,0.9342983828050868,0.6164946946827868,0.5504652406029766,0.9559255933116516,0.6694333974666873,0.3557863041013974,0.5037260806932689,0.3384834756510022,0.21599923824845288,0.4861877557124643,0.36170475424079773,0.7966238724055303,0.47854433995609563,0.3145326069675858,0.3764773985347176,0.09164685796856192,0.17649639707476,0.6827844953689178,0.1705567010629915,0.050814489225735636,0.2506395792871663,0.08348397732780621,0.5235810340924515,0.8901855624753798,0.4423188729347245,0.7622138763204098,0.41632083542995596,0.1163117395681061,0.13401626224244917,0.8356764355396744,0.32986844900431656,0.7588946529471773,0.8253665133210263,0.21929403283820256,0.32157104064485986,0.25534927054280904,0.5468038160463864,0.4196596078300938,0.7822750109505305,1.0,0.3093457588334487,0.16841271623248433,0.5897381886183727,0.1537212287535684,0.06542269591998003,0.19024784783473825,0.2636266746015906,0.4056598475143393,0.5145935818761215,0.04365048165264014,0.2938792820453748,0.511777515362264,0.7407008435692123,0.4380231689719365,0.4216333912907154,0.08993637738173393,0.51159919245558,0.21283201450365075,0.08712224587418646,0.1402444691530022,0.538138520439124,0.16799239761161835,0.33826293344014496,0.05993347712934845,0.0660007135856699
Multi-Family Residential REITs,0.20455827680526584,0.22571110499113925,0.09370498554310294,0.15751134001366104,0.015270891333177163,0.6875430506112731,0.28700983887536086,0.3462066014677607,0.8323192246864644,0.022776215521169013,0.06294747398240313,0.43499213970992784,0.03748063921562521,0.006847870476069402,0.46750450680524624,0.10746208156349751,0.03093897528449699,0.021745613407639895,0.4840967270129939,0.013452215416659639,0.04531382183217554,0.35223878169228334,0.25820053430642226,0.17545808493874995,0.0414169466012487,0.021555049798292182,0.17295187641114784,0.04586223343614685,0.05139838738214979,0.12381484977218964,0.34219864333737915,0.6132246693203316,0.3426819123910736,0.20943929942392078,0.027345154537938746,0.32225735598905625,0.2857530977828367,0.6481006425246689,0.028275542920752073,0.04450227619441074,0.011093191365067132,0.04672471661495925,0.12124246847184696,1.0,0.35255754878570855,0.13986421262909612,0.24282877892478888,0.2315876829167126,0.4449043785443673,0.2784738210457712,0.18265562033263386,0.0008521827519416692,0.4122507254189162,0.32344941400766175,0.26171551201256493,0.3473514672886664,0.14035724714150133,0.05105797218354851,0.10860117799762685,0.21083687998905706,0.18755735581044047,0.5462430258248013,0.39783855300459725,0.03378364457823683,0.6411690667820095,0.3659527572002163,0.3198393895633679,0.00941425539117748
Multi-Utilities,0.45602209489498197,0.8724735110018413,0.8704193678588289,0.4655055630765144,0.8934628363032504,0.15296556547830917,0.48471550846401307,0.36925798277121885,0.06888467508649304,0.5944574048019086,0.5223485245559649,0.30347806674621386,0.30369418634786594,0.8566456261585842,0.04557214677385917,0.5573596208687989,0.9244154716945618,0.6371042003203289,0.6822423154779356,0.8234553044030614,0.9661600612526237,0.14617765286854606,0.7427615385144368,0.8294987076275516,0.18080025542584063,0.45208365145589785,0.6627787392784767,0.13588891681350332,0.734459346250521,0.5750074755302572,0.32450674436571963,0.2883011471880786,0.6032188874408071,0.6752026160133237,0.527215042656305,0.401569452078363,0.5702537718872138,0.9591492576625325,0.5319084191160324,0.553573769586613,0.30099342813569335,0.16277750435005847,0.3894829434420676,0.7403258802651701,1.0,0.6191228389240855,0.30795629461721336,0.6458203937542396,0.6339537603803974,0.7751218896817472,0.01831212222843803,0.7531421564964764,0.38581235121408786,0.6557170628923745,0.0922247733866389,0.3823439185071221,0.4163456903631994,0.6904305704099916,0.7133091641065966,0.8599052842413245,0.7687467692360233,0.47077836439759624,0.3615945608697161,0.6780104588310575,0.5099436428825475,0.46725316792479454,0.1642376372689842,0.52561346564126
Multi-line Insurance,0.5211998096052475,0.06943553456513367,0.13151057800035493,0.13957887581995335,0.14138551273934494,0.006611107605200949,0.25365067846548417,0.01917553395636318,0.5382786455943158,0.027268151268949336,0.2782764844375679,0.3075420848447545,0.5608577970473588,0.2945189849651768,0.12241481593393516,0.06596335300394854,0.23107863683293567,0.16355972576885847,0.4898552042462573,0.13744175832464683,0.053477904661516945,0.3228745840548505,0.5828142640311151,0.2610136204138839,0.013268312078792395,0.4591942894227568,0.5284045795096329,0.11765459941932241,0.09535850884086688,0.055828045180194186,0.08052570737461094,0.4094798069167552,0.026489334698145923,0.037609453782499316,0.06399385396873368,0.719566491838785,0.26840677529926416,0.15475857699961432,0.06812158886601949,0.6201612358989395,0.07906820624262934,0.13854562334841758,0.1751836453106045,0.2957895289807876,0.7279509287106498,1.0,0.04397398913589415,0.26508588793708077,0.14497772323500926,0.2682688053008173,0.23553919412667604,0.04913292986894478,0.6074967705634304,0.5136934067033398,0.07450165781093736,0.440641075134085,0.3104328029237863,0.11679932400820561,0.02531944876011284,0.6422167767867144,0.4506538825455519,0.8351894972989982,0.6334502388576572,0.028086822091871275,0.648028840145922,0.07438384885982861,0.7776953057161669,0.17662861851410896
Oil & Gas Equipment & Services,0.6032376986835671,0.08363488293070888,0.232700149988522,0.6669288625438025,0.7405534689507313,0.03393612440938272,0.4396874770368441,0.06139625588075189,0.9010019661023836,0.1957877176612238,0.17717918863016932,0.1829698851400672,0.4401669818578694,0.8079515685439322,0.23811747603653477,0.004341332195557011,0.7483893652597472,0.6368929663196445,0.7010447995919183,0.33481421818170803,0.2211466644417468,0.5866143948514974,0.17584970909280673,0.8093784795325955,0.21575263340036635,0.635127414991102,0.55595162798146,0.6929817999621672,0.19385025974591175,0.2537686475319256,0.5309175098651157,0.8060218958010967,0.14787916362931458,0.49497045249792665,0.27176124903610366,0.7262342755177654,0.9167540283930277,0.4230058392505945,0.38550102467834985,0.40989306128852704,0.10805449276079654,0.21796715686080034,0.5871812930300719,0.5217468831847609,0.3614648247912222,0.4611139865637859,1.0,0.5704281398759722,0.6324752633642435,0.20620270352617262,0.30221893143811457,0.4087327871640107,0.4656371245895559,0.3535471395664365,0.6072737219365297,0.48805819175525234,0.1245473570951926,0.5700441688911739,0.16141887834971072,0.45528058132759974,0.2718262097238769,0.760167427718633,0.24581828528094382,0.2177254332560539,0.8009879862778405,0.207687018916886,0.5814021005341546,0.7069190661196489
Oil & Gas Exploration & Production,0.5593351116128454,0.06995752109726909,0.2957307499782991,0.47315509354570257,0.7832638783027627,0.016638557989545423,0.2739736872760164,0.03880339509991749,0.6492733603088539,0.6028675123010757,0.3849748545632157,0.6684559714137679,0.5860055052694377,0.8490816231599564,0.8430848683047262,0.10445556528985378,0.6681467240192783,0.40632608179124086,0.8115148638704152,0.7248704058037017,0.33690023733705354,0.7206127396057952,0.2869160910856991,0.7246181717966409,0.1069733776863727,0.6032783063048326,0.34348074088299235,0.6406447349064799,0.05447907462425411,0.6164090312349422,0.7366635485192092,0.8190349900975287,0.1276693538629629,0.4155752924709703,0.5142698194433631,0.6121175496590389,0.5977757626435858,0.39351404577670623,0.6343516426392868,0.8496605637040803,0.029586973147205414,0.024966332160209954,0.8655374719055965,0.31189894197016665,0.6160338134924787,0.7683132728491543,0.16676385623038836,1.0,0.1714537302670235,0.18390731901604246,0.5127273521130379,0.1242751124725791,0.8990177118995726,0.2740291374136974,0.6124177015154596,0.7957141089945705,0.3099421988389224,0.5848064670928464,0.32338507579616255,0.8832606554430378,0.39292181907473905,0.6777230744650056,0.25881088305351113,0.30784752692987355,0.7945655568573701,0.10585459889605976,0.9061499012625542,0.17972197695369194
Oil & Gas Refining & Marketing,0.3058817279731793,0.5810672456021101,0.7799491634308562,0.7291214899996155,0.7174844100997395,0.16262021242136848,0.427370147333807,0.02557251200364245,0.4089905564377036,0.5868351896957757,0.5400613431743408,0.4898398564681612,0.49232968075867173,0.74635715529507,0.8607101953715729,0.4755930553460398,0.4184379219677175,0.7738183149116378,0.42710766232089326,0.6701361768659341,0.6704375639594459,0.5605707384108655,0.36798098851589917,0.6737373470871234,0.07336057790672341,0.9288016169885099,0.513520928882632,0.1284248691733149,0.28799462399152065,0.851106364867291,0.6987482404968133,0.6888900187123481,0.37874626189451677,0.6767508508207267,0.8186931734286873,0.5191570062718917,0.3078907580328223,0.5164191610774442,0.4489938087993337,0.5794040079492446,0.4923606420809994,0.16858553861770453,0.5508508417967944,0.814599005988297,0.8685146174343381,0.16878721710724262,0.6980372102906212,0.9156703234558821,1.0,0.4112018305082625,0.8615709511320525,0.19242180754257654,0.7290767831848016,0.8208690589187074,0.6021459558851686,0.3230038368822826,0.3098792383575395,0.5472374784027191,0.5069566692064252,0.7103727223360335,0.18654906480190195,0.5388681100162657,0.6441192251968951,0.785127552220625,0.8146969905460035,0.16176714939511722,0.7680586650968888,0.34602649345656955
Oil & Gas Storage & Transportation,0.8868162238823918,0.2493566293975108,0.5578347283435382,0.511681748735524,0.12784929607569945,0.13561836405102567,0.5096217067197658,0.08907549374952554,0.7737403532416819,0.07593327217622407,0.42049232429685107,0.13358632547902127,0.5172954836368349,0.2969865978780008,0.12993404806125294,0.39953544453063344,0.21787589468393453,0.22238372143694862,0.5118310070942241,0.35619791013374175,0.06399865429964867,0.4487752107144462,0.6484936494715731,0.415724206701712,0.055723636242257436,0.498011789527164,0.474998737156507,0.49875393777512955,0.2115567992650231,0.28473207192062827,0.4027516908146521,0.3119629104723732,0.00972352689780196,0.11219016505722984,0.12190833376286539,0.3553785811951418,0.5122454451060678,0.20527491860380928,0.14255628829061368,0.04129004141024956,0.03252504943713708,0.04538737410796538,0.33801871267064415,0.0943033489804524,0.22068367028690675,0.4400367641421595,0.09253021140258967,0.5065272406866348,0.26731899179082824,1.0,0.8023171196858134,0.0006528513569350648,0.5403427423845802,0.13997743380931046,0.39143707110667886,0.15021959032526805,0.29057223643863533,0.009648302094043179,0.13925302181553195,0.31878705254933404,0.36151440278028335,0.834346622069386,0.37338912712324385,0.04606684117961932,0.7688989610897324,0.13451155976076554,0.7639290512357355,0.5343781480207042
Packaged Foods & Meats,0.014560101548480066,0.5481836917439034,0.39140911038259524,0.6517884054739566,0.68687845849503,0.41670435147985435,0.7868046836768021,0.31331145496613155,0.016196324967496963,0.7390006839808776,0.6469208365976371,0.10059825170295539,0.5942441740406863,0.23051558654344337,0.46929008296946834,0.30673324970812044,0.42914965242605707,0.8643276189366165,0.14901661746379163,0.7806764202458162,0.3897031408175721,0.9226960056548105,0.5100732869407649,0.3547574823607989,0.20404615121072203,0.5448677576828707,0.03782074236916244,0.37745590767450504,0.9250287492678586,0.8943305328192667,0.09369051733858189,0.7027021699911815,0.4628192882431385,0.9054241780023617,0.8494959710060426,0.874103622536246,0.35663641547046304,0.29773756710728555,0.5999985608028917,0.7389914706872891,0.16727758315659322,0.08809630207059212,0.4976761418831004,0.20832902529901126,0.2751259994444421,0.559907987272046,0.8277042970846799,0.5216658701788445,0.7786685341531321,0.2835080010326219,1.0,0.963608257554999,0.08796924956003577,0.38171307434713314,0.14230938309080848,0.6243234733124506,0.34284010085403094,0.671086796896015,0.33275035123183283,0.17534225991415645,0.5125772391463642,0.30359401385325546,0.9738696762148439,0.7414300382901143,0.5584746827090631,0.7317683927288139,0.8849520683327151,0.6589682924104353
Paper & Plastic Packaging Products & Materials,0.026592068459008415,0.25999442094877623,0.487118626479394,0.3670649442262305,0.6150385333904491,0.41267140505969924,0.8150751858173141,0.4464475966009275,0.35228311841875226,0.08190818344093954,0.724990340195459,0.15482548053677553,0.6080537807474112,0.21496294501011537,0.1006340657860843,0.8029760748012068,0.44109376213312107,0.37166362108419676,0.02956616080210487,0.494949308079064,0.4953858187436204,0.5995696798603503,0.1578882464409202,0.4406022143666348,0.40562107771148387,0.5962937200054156,0.02680409256785789,0.28859213061358746,0.5192974561329823,0.19037844756659206,0.6061192185040896,0.5152389114519398,0.8779935955541631,0.6219051322360659,0.7956880805832798,0.4987795039640285,0.7480016218606828,0.8653210032121098,0.6313829539009029,0.056163609754064876,0.1726311643243615,0.23754041658781228,0.40254439448895646,0.22617617487520814,0.032078767416238746,0.0789178751524424,0.20873513524524645,0.5238751916610129,0.3625424694076798,0.03809575437171003,0.3902499529426923,1.0,0.1401247850921487,0.4875423516769593,0.29536074446953925,0.03596317035329223,0.5337476598551151,0.35118953685280385,0.2217548291813672,0.01192804743350309,0.5526279519351575,0.8559933788851446,0.11640538204437621,0.34038212646794486,0.7282189951262036,0.5890505971755644,0.9038299612121756,0.5495334662946758
Passenger Airlines,0.05834801303428286,0.16405926279502617,0.14171838531225558,0.15510098731751598,0.29473887495903295,0.1718650357012934,0.8303442040090391,0.7118565889882229,0.040708868465905976,0.027296401496200103,0.007215460324848055,0.04889894104373198,0.1462843378188453,0.3289510589259749,0.0639596846205237,0.32553185635014703,0.53460831654813,0.18452025847888973,0.049209787835126806,0.2715549158125779,0.11687764989081352,0.3574016582931954,0.5804832352173733,0.18642832503254297,0.1551144649112738,0.2961404500117444,0.07458787692364374,0.7229727357423231,0.03511681662847371,0.06339000936933246,0.2651126498626863,0.26897532619774617,0.40546387023977176,0.1913018946283441,0.0465576561054447,0.6988446219739602,0.47712179529128207,0.20882459438442272,0.44223047041281544,0.5931397614470161,0.13479912655648427,0.4139124864928308,0.2183645295667333,0.13862778230624098,0.05555495647985377,0.8971318536863475,0.5319418256941122,0.2983239322353632,0.914677489423484,0.6482371648445325,0.3995577525392007,0.10583172937941789,1.0,0.2758083211081345,0.45672627025299206,0.18324232522698647,0.33735186882803514,0.4113667008044972,0.016860971243677064,0.12123949310008546,0.2414102187556843,0.45890281122251564,0.13166203162630116,0.095077800885027,0.7751001152286151,0.24931101763057187,0.27140002658496143,0.351788522151571
Personal Care Products,0.17677913501931525,0.8661615020785371,0.31055618758986064,0.25265704700640484,0.47981383002783007,0.14691976987406735,0.6006218451170635,0.18250077579044438,0.07024023989702391,0.3599576334557938,0.6384955628166669,0.33264245780733426,0.4744628413584406,0.469882352532221,0.10465617037146963,0.33266073895452536,0.6167682986112009,0.21607265994844935,0.0895175234279255,0.6554439882848426,0.3171009211237295,0.28882554595155957,0.0858281043363797,0.23257460754246265,0.03689600081651019,0.327628422184293,0.16052346502961404,0.25269429635228663,0.2142933965642166,0.36074141020134987,0.0681790620489012,0.2682451475361272,0.3956247534158128,0.5523514933597345,0.749077332603205,0.5094464505085191,0.7085678494692077,0.7087408276880107,0.532259451065674,0.6502644785245654,0.005320425782363137,0.3431681154691695,0.1565162377107418,0.25670706323350506,0.1059395757243446,0.3899846379634483,0.5126610309146312,0.7440884377098046,0.587187882136474,0.44676099315686835,0.19939266206621167,0.490149085976232,0.12199486122268145,1.0,0.02414663512461537,0.42536104482779324,0.37576990600962795,0.559534038112174,0.061470003458488624,0.6120140383268039,0.9181014582697085,0.6696860862990587,0.14757578786207923,0.40833786982790266,0.5310212009727676,0.32705613007184714,0.6404633122500523,0.43264236518248594
Pharmaceuticals,0.6606232279328785,0.5961844401870231,0.4318059316747487,0.10690573804049883,0.4060184558332472,0.2847684226188567,0.243051641792869,0.8342523199072982,0.17806798684619035,0.4388812700191154,0.30919070218393746,0.1966980644908194,0.3643755054959333,0.2963727043738227,0.350138926711457,0.4987412681073991,0.336342339787039,0.5760586429340229,0.7710638493872092,0.22692914612062434,0.5519756610553114,0.19049265586007702,0.9128825913902696,0.6404669450599908,0.8664689191049156,0.6436179606108136,0.542032226734866,0.4790597637585251,0.4314022337686241,0.11454254529079022,0.31974463705944883,0.37192871220249607,0.7060449540808252,0.2370772103399244,0.4667552155166529,0.35564048470006576,0.041905060615597844,0.9078097967654946,0.3710255190509292,0.7979712205642987,0.1081943039142457,0.4952194409475932,0.5165934077379882,0.38068571340080987,0.32279232830075744,0.6678356621116477,0.8853168446037099,0.6118124849764247,0.43077011610935007,0.6272787738272402,0.3774668463430347,0.8905548147260017,0.3521594902466543,0.8115243271150153,1.0,0.8475222210002034,0.2163755488741631,0.2752697921323602,0.6812251249977951,0.25378026775071877,0.07263748991008724,0.10251848592124,0.44320586398112544,0.38360073580654264,0.04874421564874697,0.10921501884906484,0.5094443492334406,0.7854856809047849
Property & Casualty Insurance,0.15395895114227645,0.31679285103021554,0.542009164239478,0.6767473187850838,0.41731482849834795,0.3691145488290441,0.521830658023534,0.07580631638202126,0.41624160682827727,0.2809635047158546,0.4817396742787618,0.5230320661783511,0.5555765560317166,0.5992491640645746,0.04131475534565391,0.6062337741461783,0.40927126588697044,0.1760227471438249,0.4629527803835927,0.6074809553990905,0.4576021604734936,0.19326223108179177,0.2975716049307068,0.4698470662781941,0.09936233684567601,0.6211302384566293,0.7428289396078127,0.16477264054199972,0.49724033271116985,0.27890784160651855,0.47183030512719537,0.7075490906141995,0.2776587410178268,0.15393693571275663,0.4570747833724386,0.6556076220517708,0.6622482455736101,0.6445217875855093,0.33291193462620705,0.6455910180699986,0.17863925258009672,0.37225923145619755,0.379928866651307,0.33596824515144585,0.14682210942406898,0.8070747612102251,0.1662758830260377,0.4474467680450181,0.14573264344911332,0.6667806262393418,0.14285121138989793,0.132621265720221,0.6426147268216785,0.6342515802781326,0.2610397893362592,1.0,0.18976734332863957,0.15991685183406704,0.21166690138512373,0.5310523572816712,0.676200415785242,0.8351547176501684,0.6597301712387339,0.202764502220334,0.8633609093018807,0.3085335271057757,0.9323458316845813,0.6712786564748152
Rail Transportation,0.2404928971977906,0.4036187415074921,0.13514324745960674,0.10102017168298828,0.6065543785557422,0.05734896741199177,0.5807151377906142,0.33844623742867674,0.35349029613376054,0.18743696913838495,0.7389776247991775,0.18518067582896275,0.25430138656457446,0.48994735605678086,0.29798589394675057,0.1730406576492807,0.6057938719265079,0.07577451764384809,0.1591302560962913,0.3629585968351892,0.19629846563426026,0.5958970019892841,0.18434812111843618,0.1879991300588124,0.16907436782548718,0.09041163272804109,0.5075921005935785,0.3646140395719081,0.054992421841615645,0.2894889638014369,0.5602906395472098,0.5986275045298182,0.3185966692399068,0.2055041498879171,0.41266257419515645,0.5116260723538799,0.42579835601089383,0.7759672016045497,0.76070660590554,0.38438350475019994,0.04577131530039009,0.2409811233857693,0.255421151951544,0.6679558716906907,0.24305951424224206,0.6844200601831112,0.222556514546422,0.38477869368167494,0.28026553437945073,0.24797606750004586,0.09491173432484232,0.45679093115492064,0.27009852957618913,0.5022975423893129,0.04995688421298367,0.25547237414074436,1.0,0.7495233627759061,0.17377268118946812,0.4172387899196179,0.4090733771777063,0.7540658200074278,0.4771812104306303,0.23735054191397806,0.2152378922219033,0.26782207741692715,0.7081558127724565,0.041307892300461085
Regional Banks,0.12556823785018992,0.17556248214874787,0.7184057635859993,0.24962553669346024,0.4142868187995295,0.09707997721242134,0.09532187696252585,0.0910521005799327,0.45058882307037673,0.44293301220455783,0.1539283709460045,0.25691101115889453,0.2339502174815827,0.29402045068053373,0.3830703428674082,0.67861719642748,0.19625253198232778,0.24611029377420718,0.4545445518501576,0.20069714392497573,0.9125813300121881,0.5701643866756685,0.5350990325535805,0.7848628010767528,0.053516870761337744,0.33115313950735026,0.536658776016163,0.2828186111282144,0.252336966975664,0.5524976423328307,0.4328235622347965,0.6557625131493121,0.8434973152137448,0.8135339600028765,0.429859832841159,0.4405325872411729,0.11594881664889244,0.3555363520688217,0.8224653729995628,0.29441526529434325,0.5014907524734987,0.14575736239488052,0.6852156884380289,0.8083749168020732,0.48914309083476337,0.24530528614148436,0.0790185649838193,0.10477789716329418,0.1659364733071988,0.015777535359214195,0.1849062058203483,0.16352743861917848,0.14216941689281826,0.813767314442665,0.2647299247237891,0.3824708299673178,0.6373663057053286,1.0,0.48503933553308176,0.15667508677411796,0.6713944577546221,0.4154797637648628,0.8842315023638884,0.4911826722530328,0.3944283152586418,0.26139208566051836,0.9233706890335674,0.010708374888229004
Restaurants,0.16698743361397894,0.5642354750377239,0.5450800044931762,0.828458122109539,0.3933157460492,0.3307637039507789,0.2797304307684891,0.5361506418462815,0.3834435903289012,0.37085075597026923,0.3769730774951397,0.2921584888483416,0.12408112220044372,0.1888012124759681,0.7416748632091468,0.07531124899974587,0.10033917709401671,0.2864389152332278,0.010874063761806404,0.24436456899629283,0.43068288901727897,0.12730812252631404,0.11520108753888168,0.4676076580137406,0.039737250391560563,0.05984863570978267,0.11450837833707275,0.007670971333192957,0.3590367090455296,0.28377648491902807,0.33835274283303324,0.4333980652196189,0.42182333608482275,0.10328705971592715,0.015132394814005013,0.11417044444810313,0.6882525116233076,0.6682613043368191,0.5047801558702584,0.16335463928484376,0.31290642640436594,0.0686434541516594,0.7466429166232973,0.15760863124271063,0.07661758488771236,0.20377243297518038,0.389803576826842,0.5364733279393352,0.3661587707648134,0.5458377717549612,0.03804740305714307,0.3829853959989934,0.18446059946437798,0.1786283578011532,0.005332815439576726,0.15966102902069035,0.01155372882264753,0.2690157667877862,1.0,0.11934140203731115,0.372826663993769,0.2808791398576755,0.014483306651991948,0.06876981349928969,0.4711829592762659,0.579966330052863,0.511528197984097,0.21676977281969065
Retail REITs,0.891428949484946,0.5068957099832424,0.7197310545592891,0.6516933395923941,0.17459527173328487,0.6204019450424144,0.21549316135187221,0.2127615431916451,0.5546761145196174,0.04145860467223965,0.3872098028184849,0.09571694464914564,0.5198061637568213,0.24001944974545958,0.401290132532576,0.02672678899157302,0.07475613805589056,0.08681811881546775,0.6288106106584089,0.11763435718459495,0.11134283512292147,0.24586877288039752,0.7904569708097632,0.7114069349762392,0.23455550715110957,0.3508293933509707,0.6930327902512063,0.14987942942653948,0.4698197554779335,0.4659320974854095,0.4124161763229293,0.3236216535852591,0.08088423379035381,0.38776645987883884,0.1910841779119998,0.5028199534777407,0.6617609981098659,0.518675537861082,0.006544023629148088,0.21219306227571938,0.11091332139990015,0.02260456708358824,0.2109064711065689,0.518417614520207,0.5456931505265111,0.4497018222713725,0.32629662418331756,0.7174067662987372,0.5996328628495068,0.6977125193455793,0.0367882764076451,0.039179710805445245,0.8138321340604635,0.6659128843612536,0.027988275553704776,0.8514880198051896,0.24620486961021726,0.023193741916055204,0.2004255085446791,1.0,0.2516689458596161,0.8254684841958477,0.26299449768039107,0.045394267665912064,0.7925266123041946,0.30377895636288066,0.5906777508527477,0.09704008686177845
Semiconductor Materials & Equipment,0.5813569549097246,0.6541149797111994,0.15885232163197383,0.36374588440935346,0.1944443363301223,0.42569189368075183,0.3514358601168551,0.44006295659730693,0.8358533827627087,0.7957940133084609,0.17462224011896388,0.22075179098470368,0.7812581927748792,0.4257207312642757,0.7543064612548488,0.3526114896884314,0.5107878447168519,0.2495050573926473,0.2492005460297078,0.22417810164750945,0.4617100752149599,0.9312643708882953,0.36076639688351436,0.3768368275834864,0.35893407710873554,0.687285917252766,0.26129288709555076,0.4758675377559028,0.6242675343531654,0.7622685748104077,0.600164067661287,0.7032530552200663,0.3637873554627884,0.49852496812759955,0.4618110641359737,0.3645390747950591,0.574570797582259,0.6311150651345404,0.2241383546950178,0.19590134009135396,0.8038796423591482,0.029409137544652658,0.26694247829752876,0.031276607639110755,0.2879821769692332,0.5923023308530847,0.14907340318395668,0.053207597260278475,0.251755831467148,0.027509082047099787,0.2266171247825148,0.3852017466465038,0.3682872856648498,0.8797865125905261,0.09561998954249061,0.5387766735138254,0.3500293438250298,0.44962143351611217,0.6459366341683,0.12653380570811454,1.0,0.5502680861715087,0.4544512262283918,0.5317819033737229,0.5013232305103632,0.1664989570458003,0.5603244929079985,0.015570908123118291
Semiconductors,0.2920769046915187,0.7570165278239985,0.3386969628624328,0.1534121949514974,0.7505261580320854,0.13857654411352294,0.6090382667392295,0.1809921480743436,0.6716216291509409,0.22476807676350155,0.9069934431376201,0.5698746878228613,0.5932871066869427,0.9755864751045988,0.9045942408346604,0.7844680434987018,0.7418987407730139,0.27424334400850964,0.0325345319191519,0.6732542422210693,0.32322628489533883,0.2356377686474607,0.09775865069474812,0.13516061598958096,0.9062694842814811,0.11230338439284024,0.5352770586910095,0.41976211525423285,0.6464690128649636,0.1796327078039679,0.7699402016755132,0.1601544116517368,0.9033376499288231,0.31764354519377885,0.34630058670180536,0.5612194738111177,0.5953671737676665,0.22029407111468347,0.5090089855641805,0.946345517750676,0.3556551821913407,0.3859510676897237,0.1392647107903426,0.3420549299879736,0.024268458754278004,0.5952595461741349,0.5249480495255057,0.30030667409791195,0.9383717621993569,0.4915752801642439,0.17072580877465474,0.85777736738348,0.23020090908634766,0.2905706344662456,0.6541640148679589,0.3230134204054774,0.6292698641625847,0.9258491796949796,0.10804847903456603,0.6145892264001157,0.5533665789928052,1.0,0.18429493994181156,0.270439435946898,0.7024978601833513,0.1439197058059478,0.10039267684883282,0.3326442598630973
Soft Drinks & Non-alcoholic Beverages,0.3879448661025114,0.12538436482996532,0.38440936869257225,0.6297601106838062,0.761039941660248,0.22629989715922333,0.15917832099311793,0.2690298014061473,0.051933462346809525,0.6251220715677906,0.6713635055223649,0.4586354936845732,0.8338867485414965,0.9202545386510145,0.1319749254817619,0.022086289653188325,0.825012102734109,0.3676922973236762,0.4812786288627762,0.6177289472219673,0.6475628758870288,0.24618763456203735,0.7322114470207711,0.8457687137240689,0.5166540718185118,0.6599637538122698,0.3422984442764252,0.10392574841344089,0.6429131803212115,0.44639377537204267,0.3486025046343721,0.5555293459544236,0.248243406490417,0.2908050380534151,0.7664754938860768,0.6723545656350024,0.9287780872557935,0.5846576016621117,0.5894725656309335,0.8620719059191067,0.012829009622221879,0.3333569505341261,0.8219878658318501,0.553802589927,0.24105029611382772,0.652483678225278,0.8746559710119016,0.6906422731358849,0.8526488623890449,0.7468694744197973,0.3407583486253714,0.546031790377765,0.3297270813415428,0.12960520355641603,0.2559472460218529,0.8208177221161632,0.6429287972247013,0.6950000747358892,0.09427387026678062,0.46551297772295114,0.8450668789886644,0.8686969353608222,1.0,0.4450833056107689,0.8074518443978537,0.19237461641636658,0.4141220277164114,0.7241359253248706
Specialty Chemicals,0.21228432369307274,0.5368809779971012,0.47886342188133957,0.21422086180662084,0.757127833208663,0.38918368165021,0.38771180388013354,0.44923747987738505,0.4901358188537033,0.5174641118147187,0.621435874761154,0.18030408070264725,0.35135704715688115,0.569018846749461,0.5877359052045027,0.14326414269446944,0.39342553807834935,0.6599439760306568,0.005615262431171212,0.3957469246245346,0.6236255421224941,0.40431239457647833,0.09473459900007446,0.7792235816828434,0.10733137815995761,0.8797556777205233,0.039723603766516964,0.029989228008458445,0.09777534611071087,0.448935736132497,0.6238397723903698,0.8054439291307589,0.4525830356491262,0.3719504017667532,0.18728036548084778,0.24064245526947997,0.5747745383811543,0.8765373290142915,0.8383120543932683,0.20603327541936742,0.16496523614566203,0.04225094218968342,0.518068073045722,0.01669556994794868,0.006439082544281432,0.26327699785327036,0.26453967479353163,0.3298344933146112,0.28861487312433437,0.15845657536524324,0.048353253969906175,0.5881868711899523,0.2456867575053802,0.6215963924776982,0.019118094716000664,0.06618516041419167,0.12493372574654055,0.5297368353534639,0.17066521186811606,0.009537448935802622,0.6285780426213611,0.9704804190552753,0.04903519248067423,1.0,0.7079258664943167,0.746646918954509,0.7898023919309041,0.1459702777761394
Systems Software,0.7808185715070073,0.8526178090732095,0.43850743436330575,0.5611710542368539,0.30588689069453706,0.2419334175263473,0.8430727537434075,0.14599995795975237,0.6286577870717504,0.7777449150146133,0.3293060638434716,0.9556581958776634,0.6790007413690485,0.36189709631302397,0.5452317049871614,0.8508957497375678,0.2571084317379876,0.8663561934687112,0.05848847111827807,0.2882353021020402,0.549827903660885,0.8193217589958963,0.23256943086479076,0.22585831682462304,0.6203088176683033,0.45715585247313145,0.4896813187123299,0.6301306506444538,0.4270676713491986,0.9003985272751505,0.42682969103711715,0.4721641765891083,0.7478056573968663,0.7621353328304026,0.7337344251087827,0.8050798941981137,0.6269746352222071,0.08908543738994786,0.07504576512326015,0.4651436576137422,0.6203822010233988,0.5129885160978167,0.2622395885223838,0.5532090036365485,0.11655315923396278,0.8384001907703449,0.34745931694088983,0.25273864897415077,0.5342518068298958,0.23522485890694925,0.7544456516669605,0.6636313666783575,0.05675745253452346,0.6474789208381349,0.4382587936709812,0.7043968216952409,0.4566590357517046,0.30338284109838726,0.552741436433567,0.5205431945144262,0.7963032649297332,0.4945572209041976,0.5061469427286924,0.8629896187057943,1.0,0.08727683218181712,0.18405714257608025,0.1933872957352496
"Technology Hardware, Storage & Peripherals",0.6965780347206262,0.35436728922391436,0.2650873151032171,0.006907937017533282,0.7863647169179618,0.41808034390168414,0.9155358586072823,0.010250274872593619,0.3774258683764706,0.2556926116669289,0.8075080446272231,0.34589266985865375,0.7367332766316301,0.47575636164925184,0.41542389935917096,0.7947018717306982,0.3250750760287369,0.73106261676272,0.5088155798092834,0.47437204958645873,0.7756180710630415,0.7317489063537744,0.26017417744641447,0.40316830594345704,0.1603434630109702,0.53044266245089,0.20107616843671797,0.20880221039063143,0.07764771245566672,0.1809759375299544,0.5339091326180418,0.13454725371106713,0.5311010366493597,0.6690960748902517,0.6940283897519753,0.6358350751856056,0.1826271826178814,0.5251802897054586,0.4253438271776514,0.2309099195576758,0.07504618581720346,0.09999695201618451,0.41713795684232163,0.24297314359483246,0.4226610799612494,0.25133269593184576,0.1789011898663999,0.11362832874465569,0.3806247170490462,0.1697549097980365,0.9353625549015173,0.9823456707244752,0.24273788834010598,0.2710296736305537,0.5247316523998604,0.5119278289416473,0.576239130560706,0.24196241955630426,0.543931201708574,0.5433963496348289,0.4715742827840386,0.09588356928638295,0.5957021388156973,0.5850693648047466,0.05374495905542991,1.0,0.5430008224424226,0.5239007198485885
Telecom Tower REITs,0.22146858854099175,0.30009877790014183,0.3959254988943796,0.32095653247887584,0.2496030037491098,0.6624179700632298,0.4384618118285396,0.2115242365276964,0.8205718005465827,0.22093661774910892,0.1221147099352489,0.9844346828841183,0.16892678413663528,0.4361111931133008,0.5507421168040505,0.07829208715354498,0.39859561736865445,0.15124624044685964,0.06595482300430963,0.34230811254101784,0.44327597151009385,0.18048902890691193,0.3780584697745526,0.5494764834838536,0.46428393890869196,0.23112166505433565,0.5594191383322608,0.38573500774564223,0.3321090843732552,0.05345231201676831,0.6045628421847161,0.3319353576852852,0.3150501964436952,0.3867373276778504,0.07746012182668892,0.46646463188861553,0.5788448530179217,0.18355959413023878,0.467295018793048,0.6648159844845114,0.38292023571397127,0.39487858508344553,0.5075165243109994,0.6259964312956563,0.1146937374017713,0.7802140776198283,0.896612835870403,0.7064523142055221,0.7271328145816571,0.8006445487577502,0.03957918846610507,0.4774784716200504,0.19935925687341569,0.3709132573372554,0.19772127118357663,0.5407876911520443,0.1715449595807766,0.552158736211134,0.12833906488127925,0.39076479042275614,0.6760384125117707,0.3106605722823352,0.05823458987378633,0.20841759199386178,0.5101784003525713,0.42768047030963946,1.0,0.45228481209067833
Transaction & Payment Processing Services,0.081444514887486,0.32871428314312007,0.34516156415731014,0.7969784407862561,0.5529033991990101,0.4563242603458761,0.06511856349989671,0.4505667752016354,0.7332971895845333,0.5337948209018937,0.23941499217657744,0.23459994327596045,0.3978166348034063,0.051176558986469216,0.30519095971221993,0.2153788221698472,0.07589729209090355,0.22919107248607154,0.09122264067471549,0.22651596596784307,0.3579945771720725,0.026999112023956516,0.031154118798214375,0.09385080946789391,0.06435433009830516,0.08043808421671736,0.014384029656468542,0.08425457241926494,0.49749653318873666,0.49688001203743787,0.254806652654836,0.6411728581929478,0.27902779249923376,0.09889933527619967,0.3900771005974124,0.14278004756054125,0.5986953904849547,0.8242777483892875,0.2530364434751949,0.08952060386080687,0.7790987216637553,0.192293147302631,0.7696911374396526,0.06061694627453745,0.2031445562311921,0.012204326523667071,0.014680161335823741,0.03548516772812516,0.024842430938036657,0.03280988449740413,0.2714745397495475,0.16978527171550495,0.23239995084974022,0.27084807586834136,0.017029094616594954,0.0382832762960946,0.095795032435315,0.19266243715638764,0.11294699275644544,0.01731145078602794,0.5819407085624497,0.48746039959593607,0.04650214324918225,0.3323117785778935,0.688640673037715,0.7503525345753025,0.3174001567212111,1.0
