,TCI
2020-06-18,86.92913320783747
2020-06-19,86.921569507202
2020-06-22,86.92655488110185
2020-06-23,86.93526770726915
2020-06-24,86.95908331210993
2020-06-25,86.95283222252556
2020-06-26,86.92994077149882
2020-06-29,86.88481568350568
2020-06-30,86.89479494993896
2020-07-01,86.84836620078809
2020-07-02,86.83236844804748
2020-07-06,86.79462928970405
2020-07-07,86.77553328058806
2020-07-08,86.75505827064231
2020-07-09,86.7410756395148
2020-07-10,86.74304957102247
2020-07-13,86.7761986321021
2020-07-14,86.76679588412028
2020-07-15,86.73609020934883
2020-07-16,86.73458989012559
2020-07-17,86.71498445697722
2020-07-20,86.67583980096943
2020-07-21,86.6236657933663
2020-07-22,86.61862099911481
2020-07-23,86.60107841232733
2020-07-24,86.59604942366848
2020-07-27,86.58417040603801
2020-07-28,86.54828776987249
2020-07-29,86.54985240327537
2020-07-30,86.53873029780232
2020-07-31,86.52529517858238
2020-08-03,86.51834089804305
2020-08-04,86.51256698051063
2020-08-05,86.49664089982878
2020-08-06,86.48037024247462
2020-08-07,86.45230087947743
2020-08-10,86.4213611461521
2020-08-11,86.45102093504815
2020-08-12,86.44959613361559
2020-08-13,86.45905464088509
2020-08-14,86.4594507189595
2020-08-17,86.44557261642387
2020-08-18,86.45069443459448
2020-08-19,86.4660716866462
2020-08-20,86.44864534391775
2020-08-21,86.45020014323767
2020-08-24,86.45682844383322
2020-08-25,86.44311499915905
2020-08-26,86.39100608277137
2020-08-27,86.35495081638571
2020-08-28,86.36659621560713
2020-08-31,86.35033132042278
2020-09-01,86.3316704133563
2020-09-02,86.28623075619308
2020-09-03,86.259668771561
2020-09-04,86.2426662272767
2020-09-08,86.29110403965576
2020-09-09,86.28989859121799
2020-09-10,86.3090616933219
2020-09-11,86.30440226937964
2020-09-14,86.28751773494078
2020-09-15,86.27443871680902
2020-09-16,86.24724826424746
2020-09-17,86.23738309824938
2020-09-18,86.23736360351131
2020-09-21,86.22257593327348
2020-09-22,86.21590174941656
2020-09-23,86.25332880389276
2020-09-24,86.24594727508563
2020-09-25,86.24895917294644
2020-09-28,86.26800243657739
2020-09-29,86.26142958183519
2020-09-30,86.2605897433633
2020-10-01,86.24457079096092
2020-10-02,86.2002554959334
2020-10-05,86.19719786794008
2020-10-06,86.1855294607894
2020-10-07,86.18791479068658
2020-10-08,86.1810382085871
2020-10-09,86.17080965288054
2020-10-12,86.16352710679116
2020-10-13,86.16137286978038
2020-10-14,86.15890652652176
2020-10-15,86.19226000853705
2020-10-16,86.18994640624167
2020-10-19,86.21080956263934
2020-10-20,86.20905218337221
2020-10-21,86.20232837457263
2020-10-22,86.18451062105116
2020-10-23,86.18277815389337
2020-10-26,86.19051071870975
2020-10-27,86.17833095253388
2020-10-28,86.21397235127888
2020-10-29,86.18344662641681
2020-10-30,86.17869278577986
2020-11-02,86.20767392350974
2020-11-03,86.19340162039744
2020-11-04,86.06463448026112
2020-11-05,86.11674749576255
2020-11-06,86.09687738518178
2020-11-09,85.92092468890155
2020-11-10,85.91768306307291
2020-11-11,85.90497967885734
2020-11-12,85.90400760729636
2020-11-13,85.924652768556
2020-11-16,85.92209741255871
2020-11-17,85.93505330049649
2020-11-18,85.9343531120886
2020-11-19,85.93655983283729
2020-11-20,85.93571706402193
2020-11-23,85.90413702316567
2020-11-24,85.88640647090422
2020-11-25,85.87598541714904
2020-11-27,85.86935596776742
2020-11-30,85.8494091816813
2020-12-01,85.8708884484674
2020-12-02,85.8595737695256
2020-12-03,85.84868272964317
2020-12-04,85.78392960205903
2020-12-07,85.71974287358981
2020-12-08,85.71858126317596
2020-12-09,85.61996947272146
2020-12-10,85.65104263997885
2020-12-11,85.61744125196891
2020-12-14,85.65446744907608
2020-12-15,85.65572051493501
2020-12-16,85.65962811630516
2020-12-17,85.67095896182919
2020-12-18,85.0588850042562
2020-12-21,85.06882149837872
2020-12-22,84.98647333263865
2020-12-23,84.16733292714682
2020-12-24,83.3951956306652
2020-12-28,82.37207266380548
2020-12-29,82.7140676643726
2020-12-30,82.38163372336643
2020-12-31,82.69595611191876
2021-01-04,82.66982344981282
2021-01-05,82.39143541467678
2021-01-06,80.55419521673515
2021-01-07,80.53916290965579
2021-01-08,79.90517164369135
2021-01-11,79.97270588457485
2021-01-12,80.08290780134179
2021-01-13,80.13197310560624
2021-01-14,79.38878244343428
2021-01-15,79.45940474875746
2021-01-19,79.44681308194137
2021-01-20,77.89256212644179
2021-01-21,77.98247106420445
2021-01-22,77.75985786783977
2021-01-25,77.8147677624061
2021-01-26,77.85457496740737
2021-01-27,77.70711033007264
2021-01-28,77.59201610838812
2021-01-29,77.86954312998145
2021-02-01,77.45946058562183
2021-02-02,77.17554303778205
2021-02-03,76.67939582308864
2021-02-04,76.58597324619166
2021-02-05,76.70523206714299
2021-02-08,76.69283235230621
2021-02-09,76.69006038475106
2021-02-10,76.76674377418932
2021-02-11,77.08229197221759
2021-02-12,77.0145424772344
2021-02-16,76.57047336681487
2021-02-17,76.60161020149931
2021-02-18,76.59066131321268
2021-02-19,76.51800868055038
2021-02-22,76.50980183359844
2021-02-23,76.30543278509653
2021-02-24,76.36321166277888
2021-02-25,76.50201823407589
2021-02-26,76.37839316013714
2021-03-01,76.51261317054849
2021-03-02,76.52218869750041
2021-03-03,76.04116772100973
2021-03-04,75.93862927920763
2021-03-05,76.02290924829586
2021-03-08,75.91375579074143
2021-03-09,75.6928226717985
2021-03-10,75.79048649628557
2021-03-11,75.75778805539429
2021-03-12,75.91435284224436
2021-03-15,75.95187848150977
2021-03-16,75.94410205739781
2021-03-17,75.869763928211
2021-03-18,76.04447973403812
2021-03-19,76.00725714707059
2021-03-22,75.66615206007697
2021-03-23,75.5239101158229
2021-03-24,75.40475394481274
2021-03-25,75.48544047345861
2021-03-26,72.81662833596059
2021-03-29,72.79670273163326
2021-03-30,72.74047709665325
2021-03-31,72.4578289228817
2021-04-01,72.39750935059959
2021-04-05,72.45902274460184
2021-04-06,72.50354810040277
2021-04-07,72.43989439657595
2021-04-08,72.43531171460923
2021-04-09,71.65979023003065
2021-04-12,71.71143491363469
2021-04-13,71.21410278222818
2021-04-14,71.06351968768236
2021-04-15,70.8007765678967
2021-04-16,70.96745646630187
2021-04-19,71.02592612351448
2021-04-20,70.94716607960682
2021-04-21,70.97879892604352
2021-04-22,71.21404239122509
2021-04-23,71.16176231729885
2021-04-26,70.9806431241062
2021-04-27,70.99580576424844
2021-04-28,70.8732035262758
2021-04-29,70.80615206427142
2021-04-30,70.80558077105627
2021-05-03,70.88051404120304
2021-05-04,70.97956799097936
2021-05-05,71.10187015550196
2021-05-06,71.05316364451949
2021-05-07,71.04210938841018
2021-05-10,70.91724900444576
2021-05-11,71.09835846233904
2021-05-12,71.85110188973532
2021-05-13,71.66439846416091
2021-05-14,71.75051352941044
2021-05-17,71.79258481466627
2021-05-18,71.99655930239336
2021-05-19,72.03502415971481
2021-05-20,72.25892358442158
2021-05-21,72.30912989000568
2021-05-24,72.36001953889318
2021-05-25,72.46508759573955
2021-05-26,72.50832359991331
2021-05-27,72.39127204151234
2021-05-28,72.39443869645984
2021-06-01,72.25512757830619
2021-06-02,72.28127299440733
2021-06-03,72.27718311996115
2021-06-04,72.28221649916702
2021-06-07,72.30454420660257
2021-06-08,72.31526072408738
2021-06-09,72.20827963809982
2021-06-10,72.15832019230194
2021-06-11,72.35704789122389
2021-06-14,72.40977265153823
2021-06-15,72.331429717176
2021-06-16,72.50375230067031
2021-06-17,72.50166643604642
2021-06-18,72.53052774229789
2021-06-21,72.11359824094363
2021-06-22,72.0333547692782
2021-06-23,71.27059903484525
2021-06-24,71.19389047869925
2021-06-25,70.90170463697167
2021-06-28,70.9819157217319
2021-06-29,70.82667868434636
2021-06-30,70.88243778478154
2021-07-01,70.96874802239807
2021-07-02,70.91926480906646
2021-07-06,70.6436304177928
2021-07-07,70.34982537318133
2021-07-08,70.38137827072309
2021-07-09,69.81196275438477
2021-07-12,69.92774623172777
2021-07-13,69.70505703584752
2021-07-14,69.43803282561501
2021-07-15,69.3317475830365
2021-07-16,69.31515164377318
2021-07-19,69.78293507287124
2021-07-20,70.30055909409903
2021-07-21,70.05672328268821
2021-07-22,69.83523210190988
2021-07-23,69.73005788195304
2021-07-26,69.66053281346626
2021-07-27,69.59669490828333
2021-07-28,69.50991526960078
2021-07-29,69.48798925490802
2021-07-30,69.51948341319456
2021-08-02,69.46779628899826
2021-08-03,69.56458725623503
2021-08-04,69.1090440465226
2021-08-05,69.09372475858976
2021-08-06,69.0532391089969
2021-08-09,69.15926177635436
2021-08-10,69.11439433442834
2021-08-11,68.62087903737873
2021-08-12,68.72965809254356
2021-08-13,66.65560598478379
2021-08-16,66.58879824264997
2021-08-17,66.36661052493045
2021-08-18,66.06780685846665
2021-08-19,65.4583515866148
2021-08-20,66.26711314318636
2021-08-23,65.62960383144181
2021-08-24,65.63343932227482
2021-08-25,66.25145488873524
2021-08-26,66.51518579593379
2021-08-27,66.81523114697679
2021-08-30,66.37642352799963
2021-08-31,65.74319410233961
2021-09-01,65.42815677570194
2021-09-02,65.4227012800059
2021-09-03,65.47429210955828
2021-09-07,65.4892986018663
2021-09-08,65.25128819068266
2021-09-09,65.3658286008417
2021-09-10,65.4740547856835
2021-09-13,65.38673068934143
2021-09-14,65.52376455680569
2021-09-15,65.63357955920786
2021-09-16,65.4127934837984
2021-09-17,65.83116580196253
2021-09-20,66.1357735350151
2021-09-21,65.97727307374849
2021-09-22,66.16407912752945
2021-09-23,66.18100781552081
2021-09-24,66.0191853069831
2021-09-27,66.09269543885267
2021-09-28,66.86805527540558
2021-09-29,66.85185223963146
2021-09-30,66.91331481763672
2021-10-01,66.89485407006973
2021-10-04,66.73584382306088
2021-10-05,66.64655044780807
2021-10-06,66.53704224789256
2021-10-07,66.55016719428127
2021-10-08,66.53705501016837
2021-10-11,66.46713711840874
2021-10-12,66.44431744418809
2021-10-13,66.44583436138217
2021-10-14,66.68240095204617
2021-10-15,66.5733805035387
2021-10-18,66.30050466812905
2021-10-19,66.26742250051518
2021-10-20,66.60056952358406
2021-10-21,66.56606606401446
2021-10-22,66.39598014367148
2021-10-25,66.6170926974968
2021-10-26,66.84665304336467
2021-10-27,66.98025310348238
2021-10-28,67.14419417898286
2021-10-29,67.04506598655207
2021-11-01,67.07018804807203
2021-11-02,67.15714516498177
2021-11-03,67.136343605588
2021-11-04,67.01046302716182
2021-11-05,67.00968511192946
2021-11-08,67.0783983837867
2021-11-09,65.61581418226044
2021-11-10,65.63465680494288
2021-11-11,64.90533113123593
2021-11-12,64.62418225812901
2021-11-15,64.3826704855306
2021-11-16,64.60026586361018
2021-11-17,64.43354482815064
2021-11-18,64.38110918813148
2021-11-19,64.32831243287448
2021-11-22,64.26007921928155
2021-11-23,64.21304879249796
2021-11-24,64.20032048223804
2021-11-26,65.23992126993417
2021-11-29,65.52230092416619
2021-11-30,67.08762908805622
2021-12-01,67.26209950160433
2021-12-02,67.64969922762384
2021-12-03,67.60419875879495
2021-12-06,67.81868230005753
2021-12-07,68.15090136929585
2021-12-08,67.52016477692713
2021-12-09,67.45312605064636
2021-12-10,66.73040277671872
2021-12-13,66.34877116313658
2021-12-14,66.11153593528265
2021-12-15,66.22378314625001
2021-12-16,65.65834539392685
2021-12-17,66.09514207864665
2021-12-20,66.43275923023836
2021-12-21,66.64237441714576
2021-12-22,66.82849790975145
2021-12-23,66.95550468335173
2021-12-27,67.18291903893228
2021-12-28,67.28308896048911
2021-12-29,67.41287473216371
2021-12-30,67.20264310951468
2021-12-31,67.23895616323567
2022-01-03,66.98678395798527
2022-01-04,66.86513618586892
2022-01-05,67.44334356340462
2022-01-06,67.4351455903739
2022-01-07,67.19767400869235
2022-01-10,67.08458007116316
2022-01-11,66.94588117607047
2022-01-12,67.09973754908663
2022-01-13,67.24406812613478
2022-01-14,66.92905884563201
2022-01-18,67.64651260792509
2022-01-19,67.67929560104827
2022-01-20,67.98316686669709
2022-01-21,68.27765963508378
2022-01-24,68.28992817084202
2022-01-25,68.35560912814043
2022-01-26,68.34286324542539
2022-01-27,67.94270148444053
2022-01-28,68.37360647714678
2022-01-31,69.05655439202967
2022-02-01,69.047235185961
2022-02-02,68.94855459547043
2022-02-03,68.92938653023407
2022-02-04,68.81998409976373
2022-02-07,68.84039172128166
2022-02-08,68.79633032359462
2022-02-09,68.96767428838703
2022-02-10,69.40469361119573
2022-02-11,69.701093593049
2022-02-14,69.69853522344674
2022-02-15,69.6636611686627
2022-02-16,69.79214419927004
2022-02-17,69.78689895025559
2022-02-18,69.81671541053717
2022-02-22,70.06871224093418
2022-02-23,70.21428825342777
2022-02-24,69.32700092396226
2022-02-25,70.19657502440158
2022-02-28,69.72862926785524
2022-03-01,69.64084332236598
2022-03-02,70.22637152841024
2022-03-03,70.00573738534509
2022-03-04,69.57139121224944
2022-03-07,69.62701677779485
2022-03-08,69.36966726819347
2022-03-09,69.35854396654277
2022-03-10,69.1895980266526
2022-03-11,69.36330183879555
2022-03-14,69.10064494986501
2022-03-15,69.40146625761959
2022-03-16,69.31282099735297
2022-03-17,69.50078355673462
2022-03-18,69.44538939993312
2022-03-21,69.43943352983584
2022-03-22,69.51767432866798
2022-03-23,69.60911150360094
2022-03-24,69.73468600094073
2022-03-25,69.82114325354003
2022-03-28,69.8726650516906
2022-03-29,69.98742497126158
2022-03-30,69.87695096953992
2022-03-31,70.15795961231841
2022-04-01,69.65680603260527
2022-04-04,69.38061021683741
2022-04-05,69.44392097535788
2022-04-06,69.12879233482036
2022-04-07,68.92730441766696
2022-04-08,68.75592270073678
2022-04-11,68.94882398854783
2022-04-12,68.82740585266741
2022-04-13,68.94784320753703
2022-04-14,69.00265338155386
2022-04-18,68.94144196882894
2022-04-19,69.11411848650346
2022-04-20,68.86165111928817
2022-04-21,68.8590167401998
2022-04-22,69.4947460164084
2022-04-25,69.48092426145072
2022-04-26,70.00935550078592
2022-04-27,69.71677491128591
2022-04-28,69.95626563549784
2022-04-29,70.87555519791331
2022-05-02,70.39570594128739
2022-05-03,70.3780220751224
2022-05-04,71.38653074388034
2022-05-05,72.23050741073685
2022-05-06,72.07872716210035
2022-05-09,72.84683169727177
2022-05-10,72.86184938870875
2022-05-11,72.82123953987937
2022-05-12,72.71707404954338
2022-05-13,73.25832341554128
2022-05-16,73.20150278131078
2022-05-17,73.03429664220089
2022-05-18,73.53097158434456
2022-05-19,73.49533888412881
2022-05-20,73.42853344895215
2022-05-23,73.66191984698716
2022-05-24,73.47710497936025
2022-05-25,73.51732203970263
2022-05-26,73.57610624807009
2022-05-27,73.90609536751076
2022-05-31,73.94319533584918
2022-06-01,73.93833396193776
2022-06-02,74.02669480755969
2022-06-03,74.1869206621585
2022-06-06,74.1757391817363
2022-06-07,74.34755367317672
2022-06-08,74.34496013118957
2022-06-09,74.7331138279724
2022-06-10,75.0281966018836
2022-06-13,76.07730433650524
2022-06-14,76.12058869302733
2022-06-15,75.99267205555962
2022-06-16,76.29540272086413
2022-06-17,76.18903769771858
2022-06-21,76.56724652092218
2022-06-22,76.39099498861538
2022-06-23,76.29771939704206
2022-06-24,76.62561689470961
2022-06-27,76.60738171912081
2022-06-28,76.5894646126754
2022-06-29,76.54030366194966
2022-06-30,76.54982658336246
2022-07-01,76.63573943867304
2022-07-05,76.32891296059758
2022-07-06,76.25676485451685
2022-07-07,76.24481945809623
2022-07-08,76.20857713528987
2022-07-11,76.17046142353287
2022-07-12,76.23828200863527
2022-07-13,76.33227918919121
2022-07-14,76.28438437305395
2022-07-15,76.30988933865271
2022-07-18,76.13431065154764
2022-07-19,76.37648120732182
2022-07-20,76.29392853580215
2022-07-21,76.22521553818834
2022-07-22,76.18951726145063
2022-07-25,76.09982022768106
2022-07-26,76.1073227778936
2022-07-27,76.1655391872254
2022-07-28,76.3067199715993
2022-07-29,76.30769691523118
2022-08-01,76.14113111849285
2022-08-02,76.19314440865746
2022-08-03,76.13315824010427
2022-08-04,76.0539836479789
2022-08-05,75.98051811874099
2022-08-08,76.01369057439177
2022-08-09,76.00901897875617
2022-08-10,76.16792985487912
2022-08-11,76.1399213434611
2022-08-12,76.31092299328076
2022-08-15,76.20754770063026
2022-08-16,76.22934765735997
2022-08-17,76.26334000589921
2022-08-18,76.24981774021099
2022-08-19,76.26716999732001
2022-08-22,76.36618143202416
2022-08-23,76.26301438835945
2022-08-24,76.34368130951648
2022-08-25,76.44268043502007
2022-08-26,76.80889493246951
2022-08-29,76.74110095807957
2022-08-30,76.82222793687387
2022-08-31,76.86077705882141
2022-09-01,76.79572440010763
2022-09-02,76.76789120813878
2022-09-06,76.75889371215443
2022-09-07,76.87065217427157
2022-09-08,76.83836719139533
2022-09-09,76.96675855508242
2022-09-12,77.04225688747535
2022-09-13,77.48654488330448
2022-09-14,77.39679791288943
2022-09-15,77.07146753715087
2022-09-16,76.98045603302742
2022-09-19,76.9434075382598
2022-09-20,77.08399747270927
2022-09-21,77.10639079227501
2022-09-22,76.95754124385572
2022-09-23,77.13291931772463
2022-09-26,77.24471392825785
2022-09-27,77.17599374428545
2022-09-28,77.43038078145702
2022-09-29,77.37333206949408
2022-09-30,77.32216901486791
2022-10-03,77.39340853970921
2022-10-04,77.70728730205725
2022-10-05,77.54906775937187
2022-10-06,77.35821369622516
2022-10-07,77.5250264223486
2022-10-10,77.47464092386139
2022-10-11,77.27758749618346
2022-10-12,77.19189535835397
2022-10-13,77.55944751662928
2022-10-14,77.78004269715687
2022-10-17,78.14594993506351
2022-10-18,78.28326362480401
2022-10-19,78.30141508213569
2022-10-20,78.30876944131323
2022-10-21,78.36432114769003
2022-10-24,78.37393133268479
2022-10-25,78.50172925965386
2022-10-26,78.4416935029893
2022-10-27,78.31834602900561
2022-10-28,78.41040893197199
2022-10-31,78.44957402130103
2022-11-01,78.41833624355394
2022-11-02,78.58630187818356
2022-11-03,78.45403144447191
2022-11-04,78.53087914917748
2022-11-07,78.4355194965737
2022-11-08,78.52544362787107
2022-11-09,78.76570534621933
2022-11-10,79.4302196518639
2022-11-11,79.23139070862656
2022-11-14,79.26069814355503
2022-11-15,79.28379918726264
2022-11-16,79.27652271064338
2022-11-17,79.30948472338213
2022-11-18,79.31598045338593
2022-11-21,79.28239668801024
2022-11-22,79.33146018273654
2022-11-23,79.27258248682958
2022-11-25,79.1369584226358
2022-11-28,79.27076297232935
2022-11-29,79.24397312862297
2022-11-30,79.32317485006702
2022-12-01,79.30816397964887
2022-12-02,79.28688714123606
2022-12-05,79.42801287420764
2022-12-06,79.45559769818973
2022-12-07,79.41630834033208
2022-12-08,79.49845057756445
2022-12-09,79.4333396022757
2022-12-12,79.48431321450772
2022-12-13,79.57646922595671
2022-12-14,79.50996817276348
2022-12-15,79.55070103432125
2022-12-16,79.71409425250738
2022-12-19,79.94697325954454
2022-12-20,80.04921127481747
2022-12-21,80.30055732920803
2022-12-22,80.32265918711657
2022-12-23,80.28845077422775
2022-12-27,80.2996813355816
2022-12-28,80.53841716560619
2022-12-29,80.66075710876495
2022-12-30,80.59521941924135
2023-01-03,80.5488249308424
2023-01-04,80.52550946632377
2023-01-05,80.54088385493152
2023-01-06,80.7832180481424
2023-01-09,80.68786584366154
2023-01-10,80.67773069768623
2023-01-11,80.77828842050155
2023-01-12,80.73506027240582
2023-01-13,80.74407119172406
2023-01-17,80.71812682837813
2023-01-18,80.77605297925682
2023-01-19,80.81415929203779
2023-01-20,80.93607099012033
2023-01-23,81.05155801885925
2023-01-24,81.06648659157048
2023-01-25,81.0799716273105
2023-01-26,81.00635742419323
2023-01-27,80.97907594092578
2023-01-30,80.96663506119434
2023-01-31,81.01611611276098
2023-02-01,80.99162447402361
2023-02-02,80.78227225517094
2023-02-03,80.89774703186116
2023-02-06,80.76842905624265
2023-02-07,80.54851313860063
2023-02-08,80.5531552929969
2023-02-09,80.62310831316472
2023-02-10,80.61268178501926
2023-02-13,80.61216193789525
2023-02-14,80.43384006381964
2023-02-15,80.4818227406178
2023-02-16,80.47451423935186
2023-02-17,80.18052638497937
2023-02-21,80.06041420698904
2023-02-22,80.10923649973472
2023-02-23,79.8950024355047
2023-02-24,80.00735734045416
2023-02-27,80.12915918458519
2023-02-28,80.14419764356589
2023-03-01,79.98388329241443
2023-03-02,80.06097700364376
2023-03-03,80.21348767300192
2023-03-06,80.0793723381232
2023-03-07,80.13367904804628
2023-03-08,80.17173901294787
2023-03-09,80.2245665199184
2023-03-10,80.45058189455906
2023-03-13,80.33422969567413
2023-03-14,80.4176072245978
2023-03-15,79.95259771175834
2023-03-16,80.01248101625904
2023-03-17,80.08134968913532
2023-03-20,80.05424047790271
2023-03-21,80.00455313117006
2023-03-22,80.05509567587691
2023-03-23,79.98446342099874
2023-03-24,79.92593890459702
2023-03-27,79.79167758957995
2023-03-28,79.6298347018486
2023-03-29,79.11284372643999
2023-03-30,79.152546789039
2023-03-31,79.27346804930896
2023-04-03,78.84832543454331
2023-04-04,78.87156733686328
2023-04-05,78.57117338117008
2023-04-06,78.72672064342953
2023-04-10,78.92855489041591
2023-04-11,78.67243797669661
2023-04-12,78.72013391898311
2023-04-13,78.80135886243949
2023-04-14,78.82048153216421
2023-04-17,78.79605548618694
2023-04-18,78.76734458730513
2023-04-19,79.01099967848852
2023-04-20,79.02363036023957
2023-04-21,79.00110640636098
2023-04-24,78.99783412935886
2023-04-25,79.06452363933525
2023-04-26,78.99093826646677
2023-04-27,79.01154937197794
2023-04-28,79.0850379113868
2023-05-01,79.06633871183811
2023-05-02,79.17531705233229
2023-05-03,78.98556382617511
2023-05-04,79.03542725777797
2023-05-05,79.20377147761481
2023-05-08,79.31129366397772
2023-05-09,79.33665624498705
2023-05-10,79.3418614657012
2023-05-11,79.3701054999908
2023-05-12,79.27337134569575
2023-05-15,79.25970535162948
2023-05-16,79.34476985468409
2023-05-17,79.37379758038868
2023-05-18,79.42285197922125
2023-05-19,79.46682559310875
2023-05-22,79.48257810061409
2023-05-23,79.49304312805707
2023-05-24,79.5432629364959
2023-05-25,79.30921191920166
2023-05-26,79.3686003425825
2023-05-30,79.20787486613379
2023-05-31,79.16572591339931
2023-06-01,79.20920792110454
2023-06-02,79.31859363559475
2023-06-05,79.30843113100156
2023-06-06,79.3027058314442
2023-06-07,79.09339269089686
2023-06-08,79.18909893307048
2023-06-09,79.15205803066189
2023-06-12,79.08414393171111
2023-06-13,78.7345580320837
2023-06-14,78.71813485823992
2023-06-15,78.71878406462433
2023-06-16,78.68388744070508
2023-06-20,78.77658864101691
2023-06-21,78.79400958525711
2023-06-22,78.77815829853571
2023-06-23,78.75425308913745
2023-06-26,78.66915691192004
2023-06-27,78.50540624057743
2023-06-28,78.42743729534628
2023-06-29,77.68526932577745
2023-06-30,77.7953731390114
2023-07-03,77.83673052464071
2023-07-05,77.82944230460629
2023-07-06,77.8909220287446
2023-07-07,77.740323203994
2023-07-10,77.59152881723107
2023-07-11,77.62591890171203
2023-07-12,77.39295861231749
2023-07-13,77.29960737553955
2023-07-14,77.25717496665851
2023-07-17,76.94091230780619
2023-07-18,76.70768138003335
2023-07-19,76.53771372150385
2023-07-20,76.30110793013412
2023-07-21,75.85426385228747
2023-07-24,75.95782438852315
2023-07-25,75.99651342060508
2023-07-26,75.54495133366925
2023-07-27,75.59201971562686
2023-07-28,75.61611077186751
2023-07-31,75.63665929087323
2023-08-01,75.19895131795714
2023-08-02,74.8501843255204
2023-08-03,74.26748736375029
2023-08-04,74.25320182174443
2023-08-07,74.39754570169565
2023-08-08,74.26840502064742
2023-08-09,74.09296516074181
2023-08-10,74.19193596405407
2023-08-11,73.91118723130934
2023-08-14,74.18971747717283
2023-08-15,74.59846635355883
2023-08-16,74.24107531124888
2023-08-17,74.21771993128807
2023-08-18,74.2367780733275
2023-08-21,73.67473921497262
2023-08-22,73.83299466660293
2023-08-23,73.75170784137842
2023-08-24,74.0728139284527
2023-08-25,74.1348193105267
2023-08-28,73.66870265085386
2023-08-29,71.21217100209893
2023-08-30,71.32660452937888
2023-08-31,71.11381794360338
2023-09-01,71.00060062123073
2023-09-05,70.95955771038106
2023-09-06,71.03736796880595
2023-09-07,71.04627066042336
2023-09-08,71.21621077243364
2023-09-11,71.03487003204246
2023-09-12,70.95091637428426
2023-09-13,70.9561933635267
2023-09-14,70.93016422511937
2023-09-15,71.15927485437079
2023-09-18,70.21994043032865
2023-09-19,70.24706032789918
2023-09-20,70.30192744036712
2023-09-21,70.25883117657911
2023-09-22,70.08594285686854
2023-09-25,70.09731325618151
2023-09-26,70.3333064249304
2023-09-27,70.21298218482464
2023-09-28,70.0605273580778
2023-09-29,70.1568498049936
2023-10-02,69.91186336309609
2023-10-03,69.59377944158658
2023-10-04,69.25445112054153
2023-10-05,68.98474873181212
2023-10-06,69.13892935283029
2023-10-09,68.90911201099718
2023-10-10,68.83116279855386
2023-10-11,68.58544208736866
2023-10-12,68.93754441432262
2023-10-13,68.56776281377267
2023-10-16,68.10551857348769
2023-10-17,68.07155738067651
2023-10-18,68.3264516457855
2023-10-19,68.52813664516233
2023-10-20,68.70657893622386
2023-10-23,67.72903005040409
2023-10-24,67.93678142193792
2023-10-25,67.84721824439029
2023-10-26,67.45520521489729
2023-10-27,67.63598850020199
2023-10-30,67.57826290301686
2023-10-31,67.77856279647128
2023-11-01,67.08040254464204
2023-11-02,68.04055424432757
2023-11-03,67.5851118757617
2023-11-06,67.46219567528675
2023-11-07,67.44042355554139
2023-11-08,67.44726751612971
2023-11-09,67.47219661163942
2023-11-10,67.79512060852431
2023-11-13,67.62693947774522
2023-11-14,67.88824688745406
2023-11-15,67.87034360991372
2023-11-16,68.06978134542781
2023-11-17,67.9794082496949
2023-11-20,68.02187255351426
2023-11-21,68.03315083439405
2023-11-22,67.86284375802587
2023-11-24,67.88211238821535
2023-11-27,67.95037395465164
2023-11-28,67.90819650103444
2023-11-29,67.90358832568396
2023-11-30,67.97823588982233
2023-12-01,67.84173008148724
2023-12-04,68.09948823299095
2023-12-05,67.78264535896187
2023-12-06,67.75430189070129
2023-12-07,67.78911436245018
2023-12-08,67.57445261947491
2023-12-11,67.57103867327955
2023-12-12,67.4500735997637
2023-12-13,68.18827819682605
2023-12-14,67.69629992487324
2023-12-15,67.45314216836351
2023-12-18,67.40949031822659
2023-12-19,66.65855589360017
2023-12-20,67.41360180885728
2023-12-21,66.90248452145914
2023-12-22,66.3576619474627
2023-12-26,66.65607739591708
2023-12-27,66.48316815130279
2023-12-28,66.9340457616842
2023-12-29,66.75497827111197
2024-01-02,66.12403938050436
2024-01-03,65.95842781323519
2024-01-04,65.98118928160115
2024-01-05,65.37678720796943
2024-01-08,65.39108535787761
2024-01-09,65.38907619241994
2024-01-10,65.48641391330213
2024-01-11,65.4948511411015
2024-01-12,65.14892698225219
2024-01-16,65.3388766325487
2024-01-17,64.86997504167715
2024-01-18,65.1051800951215
2024-01-19,65.0538050797831
2024-01-22,65.3096284200821
2024-01-23,65.30924039526306
2024-01-24,65.18191326945652
2024-01-25,64.8872142232176
2024-01-26,64.85320244560484
2024-01-29,64.75782029625496
2024-01-30,64.72128972691885
2024-01-31,65.40172962955955
2024-02-01,65.82912715735961
2024-02-02,65.39347768317235
2024-02-05,65.54946154162245
2024-02-06,65.55567245071849
2024-02-07,65.69036284562965
2024-02-08,65.40429192000471
2024-02-09,65.25264800348573
2024-02-12,64.53855195608301
2024-02-13,64.75404210887895
2024-02-14,64.9119220019244
2024-02-15,64.63399292891275
2024-02-16,64.55200041688758
2024-02-20,64.43565669742182
2024-02-21,63.80873981073359
2024-02-22,63.996335545013494
2024-02-23,63.87046741210733
2024-02-26,63.91069670113624
2024-02-27,63.87998828500808
2024-02-28,63.85552691098215
2024-02-29,63.904322769624635
2024-03-01,63.5156664860726
2024-03-04,63.11699205276151
2024-03-05,63.24262149406123
2024-03-06,63.34539804096716
2024-03-07,63.5469117976828
2024-03-08,63.269080989602585
2024-03-11,63.13567250513093
2024-03-12,63.363461721066905
2024-03-13,63.39275362082899
2024-03-14,63.35300393109948
2024-03-15,63.61465847289824
2024-03-18,63.42844416383977
2024-03-19,62.8758943660761
2024-03-20,62.95736358851131
2024-03-21,63.05159556881791
2024-03-22,63.22474860959015
2024-03-25,63.28882498547143
2024-03-26,63.31015685013822
2024-03-27,63.85698800845244
2024-03-28,63.724172100059754
2024-04-01,63.76475688207452
2024-04-02,63.28967911424538
2024-04-03,63.184235682852496
2024-04-04,63.291935646785305
2024-04-05,63.38370830667098
2024-04-08,63.371328471652475
2024-04-09,63.121814305338155
2024-04-10,63.372012278385284
2024-04-11,63.126751446776034
2024-04-12,63.62666075462714
2024-04-15,63.83404352878983
2024-04-16,63.749096901151724
2024-04-17,63.741490696637534
2024-04-18,63.9389802392172
2024-04-19,63.543053908951485
2024-04-22,63.91390890552911
2024-04-23,64.1111137116429
2024-04-24,63.912692493362144
2024-04-25,63.70076128619178
2024-04-26,63.477469683000976
2024-04-29,63.69218493570236
2024-04-30,64.27772718077425
2024-05-01,64.21398459395587
2024-05-02,64.27339297496152
2024-05-03,64.8308348577518
2024-05-06,65.06383899851318
2024-05-07,64.87543611546485
2024-05-08,64.93166293222973
2024-05-09,65.09272049622473
2024-05-10,64.87178229587532
2024-05-13,64.74069911108401
2024-05-14,64.80966269269595
2024-05-15,64.81751955832001
2024-05-16,64.4973601662319
2024-05-17,64.75413186194477
2024-05-20,64.66881766719823
2024-05-21,64.5606588238602
2024-05-22,64.69584919252837
2024-05-23,65.18459984847124
2024-05-24,65.25935871213484
2024-05-28,65.128964677981
2024-05-29,65.32352000367115
2024-05-30,64.68039678718932
2024-05-31,64.96796780400022
2024-06-03,64.80367207301761
2024-06-04,64.72128495022484
2024-06-05,64.86587266124056
2024-06-06,64.81539247306168
2024-06-07,64.65189863424229
2024-06-10,64.23805477462211
2024-06-11,64.03323922467763
2024-06-12,63.89910832591169
2024-06-13,63.55001181171234
2024-06-14,63.470624240227636
2024-06-17,63.32835147890552
2024-06-18,63.46457000868164
2024-06-20,63.53064891299179
2024-06-21,63.52873345003977
2024-06-24,63.67664304073703
2024-06-25,63.556829889964725
2024-06-26,63.68207162975936
2024-06-27,63.771952890542785
2024-06-28,63.78092878970594
2024-07-01,63.373126406324346
2024-07-02,63.05313356533473
2024-07-03,62.94107459767348
2024-07-05,62.65394572073647
2024-07-08,62.502959427506774
2024-07-09,61.600924225136225
2024-07-10,61.64654055338495
2024-07-11,61.2892354576572
2024-07-12,60.72181221647437
2024-07-15,60.86369324873626
2024-07-16,60.91349596506384
2024-07-17,61.026787576876416
2024-07-18,60.920902095458686
2024-07-19,60.56384050341386
2024-07-22,60.793228783114806
2024-07-23,60.97144035478886
2024-07-24,61.37886122725956
2024-07-25,61.28754652178132
2024-07-26,61.446046867229306
2024-07-29,61.55095946056306
2024-07-30,61.00616428045237
2024-07-31,61.01492105955623
2024-08-01,60.13749689926928
2024-08-02,59.99479220455727
2024-08-05,61.216830132158265
2024-08-06,61.3318835857267
2024-08-07,60.952817405967444
2024-08-08,61.42842677917787
2024-08-09,61.43193931753036
2024-08-12,61.412034030522264
2024-08-13,61.83299339142646
2024-08-14,61.476465219210084
2024-08-15,61.569385388336386
2024-08-16,61.667185724517715
2024-08-19,61.85085516556803
2024-08-20,60.73390770852548
2024-08-21,60.772283854729146
2024-08-22,60.93291637636518
2024-08-23,61.04589496981794
2024-08-26,61.00395880024874
2024-08-27,60.55230146459555
2024-08-28,60.47201716149061
2024-08-29,60.51306541599608
2024-08-30,59.275639488215084
2024-09-03,59.665575774852975
2024-09-04,59.88132873412428
2024-09-05,59.94219931924773
2024-09-06,60.19634035454751
2024-09-09,60.533548592416395
2024-09-10,60.318925014932354
2024-09-11,60.16491762250175
2024-09-12,60.25950571113173
2024-09-13,60.409933681753
2024-09-16,60.6445438059029
2024-09-17,60.618766977254715
2024-09-18,60.74445213595503
2024-09-19,60.76331408844348
2024-09-20,60.27735729889453
2024-09-23,60.35153310115504
2024-09-24,60.329649919887984
2024-09-25,60.28478527659199
2024-09-26,59.98209467184572
2024-09-27,59.96788564488369
2024-09-30,59.2521241907974
2024-10-01,59.611457313473835
2024-10-02,59.47018517542843
2024-10-03,59.57110631239433
2024-10-04,59.5604850350395
2024-10-07,58.94969699952692
2024-10-08,58.71768121754207
2024-10-09,58.636872530551464
2024-10-10,58.77186607781793
2024-10-11,58.79029632209644
2024-10-14,58.73318046775705
2024-10-15,58.327112803876666
2024-10-16,58.52526936625602
2024-10-17,58.837973031654435
2024-10-18,58.8930292664767
2024-10-21,59.03418069572908
2024-10-22,58.922719523827475
2024-10-23,58.81294662450849
2024-10-24,58.08344965747466
2024-10-25,58.03742682767383
2024-10-28,58.134395857784504
2024-10-29,58.011438435978825
2024-10-30,57.73562421995175
2024-10-31,57.916334553832115
2024-11-01,57.872140961712816
2024-11-04,57.62529244321492
2024-11-05,58.024026398033214
2024-11-06,57.13274167855379
2024-11-07,57.31280324241651
2024-11-08,57.77191935979376
2024-11-11,57.447255189338364
2024-11-12,57.56965686669605
2024-11-13,57.153041623533596
2024-11-14,56.971823544366664
2024-11-15,57.11200521487429
2024-11-18,56.91403923842172
2024-11-19,56.884913727661925
2024-11-20,56.6985908149103
2024-11-21,56.96823520784216
2024-11-22,56.99865407878282
2024-11-25,56.92531622758511
2024-11-26,56.27089042475685
2024-11-27,56.166659449788426
2024-11-29,55.84477162874266
2024-12-02,55.83451920781083
2024-12-03,55.911859190055694
2024-12-04,55.80463997980486
2024-12-05,55.53094727804771
2024-12-06,55.517850726124095
2024-12-09,55.49348648338107
2024-12-10,55.3262963046503
2024-12-11,55.2776430164987
2024-12-12,55.37633929909119
2024-12-13,55.43995369821134
2024-12-16,55.511907713339895
2024-12-17,55.36929899695166
2024-12-18,57.52914438977903
2024-12-19,57.562826338956604
2024-12-20,57.75413467941106
2024-12-23,57.653760801138844
2024-12-24,57.96930041628432
2024-12-26,58.05632021988305
2024-12-27,58.227582825039256
2024-12-30,58.56971940753139
2024-12-31,58.491963383939996
2025-01-02,58.18186593163354
2025-01-03,58.204202879068355
2025-01-06,58.139886315875586
2025-01-07,57.97252013550251
2025-01-08,57.95546621912483
2025-01-10,58.3021609780148
2025-01-13,57.47000474718189
2025-01-14,57.36315136995675
2025-01-15,57.47569210697399
2025-01-16,57.499581315443706
2025-01-17,57.423845540630516
2025-01-21,57.29133280049875
2025-01-22,57.260185299896705
2025-01-23,57.359250249154336
2025-01-24,57.273576980973495
2025-01-27,56.5470442164896
2025-01-28,56.408648790284296
2025-01-29,55.85137448474327
2025-01-30,55.678508960800166
2025-01-31,55.652474443839026
2025-02-03,55.706168108964825
2025-02-04,55.59751038618811
2025-02-05,55.40112764288375
2025-02-06,55.328502102760666
2025-02-07,55.621783676406736
2025-02-10,55.524278743284874
2025-02-11,55.63220721540701
2025-02-12,55.84970511636633
2025-02-13,56.380585483574684
2025-02-14,56.06626687516722
2025-02-18,56.29316626066013
2025-02-19,56.110657321841714
2025-02-20,55.63148510031956
2025-02-21,55.86656849697354
2025-02-24,55.79157894237316
2025-02-25,55.58935860281805
2025-02-26,55.410434702366686
2025-02-27,55.390405016920596
2025-02-28,55.77520403495786
2025-03-03,55.98523129549818
2025-03-04,56.45813573888786
2025-03-05,56.5430514230192
2025-03-06,56.75023179341759
2025-03-07,56.57883804460535
2025-03-10,57.23678697532624
2025-03-11,57.60269236824549
2025-03-12,57.00857630270011
2025-03-13,57.17723618658531
2025-03-14,58.03659458822998
2025-03-17,57.92525324742448
2025-03-18,58.13053836267371
2025-03-19,57.56602438526278
2025-03-20,57.585323374762986
2025-03-21,57.58000863907245
2025-03-24,58.10114869924905
2025-03-25,58.06801741744948
2025-03-26,57.98551026216252
2025-03-27,58.01847187062461
2025-03-28,58.194434469014986
2025-03-31,58.47427426950127
2025-04-01,58.343770571522356
2025-04-02,58.4577929749599
2025-04-03,60.8162092570849
2025-04-04,66.07441883366883
2025-04-07,66.05734413532996
2025-04-08,66.62102882944383
2025-04-09,72.62030202312482
2025-04-10,73.1087926483837
2025-04-11,73.22303971977907
2025-04-14,73.43537769489855
2025-04-15,73.43846179551531
2025-04-16,73.57902831470547
2025-04-17,73.49001792795845
2025-04-21,73.85612988475555
2025-04-22,74.36208050079863
2025-04-23,74.23185672770887
2025-04-24,74.17161742127111
2025-04-25,73.9989172312793
2025-04-28,74.22236647204443
2025-04-29,74.28281587942534
2025-04-30,74.33601106525391
2025-05-01,74.25929172152166
2025-05-02,74.4176883570565
2025-05-05,74.47580788308117
2025-05-06,74.35672475395407
2025-05-07,74.27518277232866
2025-05-08,74.20889633137723
2025-05-09,74.27748021885616
2025-05-12,74.16414585756985
2025-05-13,73.82056236565006
2025-05-14,73.82002835082618
2025-05-15,73.95601881897605
2025-05-16,74.16155355805245
2025-05-19,74.4140219092764
2025-05-20,74.50615363488534
2025-05-21,74.26092109442767
2025-05-22,74.32592733708816
2025-05-23,74.29649060543504
2025-05-27,74.51039377162184
2025-05-28,74.48216531207451
2025-05-29,74.50132986181124
2025-05-30,74.4889374621656
2025-06-02,74.47464439116051
2025-06-03,74.49161356553495
2025-06-04,74.37166036403696
2025-06-05,74.27182945876719
2025-06-06,74.27861775355733
2025-06-09,74.21476270243677
2025-06-10,74.33648169007664
2025-06-11,74.31147355039637
2025-06-12,74.29489275146464
2025-06-13,74.23246582799567
2025-06-16,74.2128971211191
2025-06-17,74.25184626345455
2025-06-18,74.24719829599576
2025-06-20,74.27709531215709
2025-06-23,74.27069209097603
2025-06-24,74.30001836905113
2025-06-25,74.26310444428815
2025-06-26,74.23284211091473
2025-06-27,74.24295187902351
2025-06-30,74.27482349595338
2025-07-01,74.11791847979381
2025-07-02,74.01889837314765
2025-07-03,74.04584236341462
2025-07-07,74.13663273795798
2025-07-08,73.98922436695986
2025-07-09,74.02808776665279
2025-07-10,74.16511353720426
2025-07-11,74.16576450688926
2025-07-14,74.16594870818552
2025-07-15,74.29918337544183
2025-07-16,74.38581053415656
2025-07-17,74.35594370960982
2025-07-18,74.31637757499942
2025-07-21,74.3641472310696
2025-07-22,74.41075763839464
2025-07-23,74.36799654010198
2025-07-24,74.39205839367172
2025-07-25,74.29505756957965
2025-07-28,74.38096827037583
2025-07-29,74.29377265215294
2025-07-30,74.24994000276203
2025-07-31,74.20120370410821
2025-08-01,74.24378852899522
2025-08-04,74.56005596328978
2025-08-05,74.55571220005905
2025-08-06,74.34120768785881
2025-08-07,74.3071071646913
2025-08-08,74.29759348566016
2025-08-11,74.32323412078415
2025-08-12,74.43126226683387
2025-08-13,74.59820921262981
2025-08-14,74.60644292504239
2025-08-15,74.55010043163561
2025-08-18,74.57208130337288
2025-08-19,74.52398706174232
2025-08-20,74.5522913422896
2025-08-21,74.55845400406548
2025-08-22,74.68386897044087
2025-08-25,74.65199068909854
2025-08-26,75.45317325478096
2025-08-27,75.47619796571435
2025-08-28,75.19522263290096
2025-08-29,75.30120611797582
2025-09-02,75.17897041351146
2025-09-03,75.06007197077399
2025-09-04,75.10382985015413
2025-09-05,75.11276038799305
2025-09-08,75.16144720880598
2025-09-09,75.09943817465853
2025-09-10,74.92605939952092
2025-09-11,74.9335890073154
2025-09-12,74.94757884854599
2025-09-15,74.9678795712368
2025-09-16,74.90572338902763
2025-09-17,74.88532480716825
2025-09-18,74.8517079988791
2025-09-19,74.92196550273576
2025-09-22,74.87724603065506
2025-09-23,74.90190701537759
2025-09-24,74.90833430193246
2025-09-25,74.94004417649822
2025-09-26,74.95517960804439
2025-09-29,75.04771523698385
2025-09-30,75.0376474432876
2025-10-01,74.89315548093349
2025-10-02,74.84027673015525
2025-10-03,74.89511521577144
2025-10-06,74.84657283923165
2025-10-07,74.34663123015885
2025-10-08,74.3140874970283
2025-10-09,74.33877162019607
2025-10-10,74.44061408306065
2025-10-13,74.39825252841878
2025-10-14,74.36306383296937
2025-10-15,74.26707100552508
2025-10-16,74.0833531245487
2025-10-17,74.23297271661316
2025-10-20,74.33425369394257
2025-10-21,74.29604875333766
2025-10-22,74.36529029568497
2025-10-23,74.41011904960273
2025-10-24,74.37195371477583
2025-10-27,74.3481837572146
2025-10-28,74.4490575978958
2025-10-29,74.47613955551326
2025-10-30,74.52193505621497
2025-10-31,74.64034956418094
2025-11-03,74.69215853731725
2025-11-04,74.60248022933669
2025-11-05,74.69577281717079
2025-11-06,74.656420311788
2025-11-07,74.6416979351746
2025-11-10,75.06806556512625
2025-11-11,75.22726691180132
2025-11-12,75.21070043119647
2025-11-13,75.15474085509072
2025-11-14,75.09617964364111
2025-11-17,75.07430265687674
2025-11-18,75.11496159108727
2025-11-19,75.21742573297587
2025-11-20,75.12216151456667
2025-11-21,75.07158604365308
2025-11-24,75.03519879631786
2025-11-25,75.1978659584012
2025-11-26,75.25187377528417
2025-11-28,75.1562171736976
2025-12-01,75.17149516443202
2025-12-02,75.1652348897193
2025-12-03,75.14806304388874
2025-12-04,75.27404931849802
2025-12-05,75.29835765230656
2025-12-08,75.38158209190549
2025-12-09,75.57813865875033
2025-12-10,75.54698360455906
2025-12-11,75.52660551418452
2025-12-12,75.40817250444285
2025-12-15,75.4369723842066
2025-12-16,75.32103096224527
2025-12-17,75.15774071990437
2025-12-18,75.0733687312853
2025-12-19,75.08669773846071
2025-12-22,75.09826860427216
2025-12-23,74.75359451067011
2025-12-24,74.88131662935056
2025-12-26,74.8102963936012
2025-12-29,74.62400491947527
2025-12-30,74.65083248790503
2025-12-31,74.68162058157397
2026-01-02,74.64807377602398
2026-01-05,74.54698861501917
2026-01-06,74.35713368550057
2026-01-07,74.0713284517621
2026-01-08,74.25982737263132
2026-01-09,74.29236471401678
2026-01-12,74.27205795291279
2026-01-13,74.32685608295493
2026-01-14,74.24819707731281
2026-01-15,74.26400439596222
2026-01-16,74.23641348884732
2026-01-20,73.9333272738082
2026-01-21,70.43066684706685
2026-01-22,70.4944615916787
2026-01-23,69.81765727190609
2026-01-26,58.836057459784385
2026-01-27,57.87108627517732
2026-01-28,57.33979670131995
2026-01-29,56.76983517305476
2026-01-30,56.75634336850085
2026-02-02,55.746508908738434
2026-02-03,55.40338704979651
2026-02-04,53.15865091327775
2026-02-05,51.535845268755196
2026-02-06,51.702977670047645
2026-02-09,51.15768984401971
2026-02-10,50.85262638053073
2026-02-11,50.60750436970156
2026-02-12,50.74449575187979
2026-02-13,50.973743990266065
2026-02-17,50.86241099403064
2026-02-18,50.27279782105252
2026-02-19,50.00799288211595
2026-02-20,50.01227477560697
2026-02-23,50.02099135248761
2026-02-24,49.91644997427153
2026-02-25,49.90329813616995
2026-02-26,48.825079085800525
2026-02-27,48.370502955000646
2026-03-02,48.09878200877725
2026-03-03,47.96209455492386
2026-03-04,47.57560119926181
2026-03-05,47.81012689541907
2026-03-06,48.07137499272068
2026-03-09,46.82106009188754
2026-03-10,46.90127242748173
2026-03-11,46.89775943055628
2026-03-12,46.28089213033099
2026-03-13,46.10213875222571
2026-03-16,46.13064783471466
2026-03-17,46.0822505824452
2026-03-18,46.814276824236295
2026-03-19,46.99481116244377
2026-03-20,47.78261712951269
2026-03-23,48.0320354052637
2026-03-24,47.480531488864294
2026-03-25,47.42968782747463
2026-03-26,47.62114251738053
2026-03-27,48.129534121703074
2026-03-30,47.92863490523523
2026-03-31,48.97301511819456
2026-04-01,49.292495107957116
2026-04-02,48.7731821791753
2026-04-06,48.74290280789397
2026-04-07,48.657784331202265
2026-04-08,49.4476141662345
2026-04-09,49.28580952261589
2026-04-10,49.10334612730368
2026-04-13,48.988666791152674
2026-04-14,49.23282439491536
2026-04-15,49.031722436645865
2026-04-16,48.971901172406085
2026-04-17,49.13474355056371
2026-04-20,48.98399047742522
2026-04-21,49.19037057149231
2026-04-22,48.96334194223359
2026-04-23,49.03419006043791
2026-04-24,49.04012640390532
2026-04-27,49.04236126693506
2026-04-28,48.98570013681749
2026-04-29,48.5832412662932
2026-04-30,49.44050088370972
2026-05-01,49.72855488428038
2026-05-04,49.892985994143
2026-05-05,49.886349869480675
2026-05-06,49.6290254200492
2026-05-07,50.02179733701225
2026-05-08,50.07773016126137
2026-05-11,49.93766524598998
2026-05-12,49.95465908866818
2026-05-13,49.83815162354544
2026-05-14,49.79954423606278
2026-05-15,50.36334898461434
2026-05-18,50.37625378293099
2026-05-19,49.64196665944684
2026-05-20,49.772476027742535
2026-05-21,49.91592787677532
2026-05-22,49.96207782723992
2026-05-26,50.02133969783282
2026-05-27,49.92592601106974
2026-05-28,49.70301765240245
2026-05-29,49.91169889715122
2026-06-01,50.12068013249809
2026-06-02,50.029147883319865
2026-06-03,49.90365491461883
2026-06-04,49.792775213236
2026-06-05,49.787064649061115
2026-06-08,49.95236813952849
2026-06-09,49.86454125534029
2026-06-10,49.656982520103114
2026-06-11,49.62255804521865
2026-06-12,49.69640523101091
2026-06-15,49.819267913468224
2026-06-16,49.60902567715967
2026-06-17,50.09153229197303
2026-06-18,50.101141494912746
2026-06-22,49.901260229443984
2026-06-23,50.09784052925064
2026-06-24,50.082790343514475
2026-06-25,49.84712121897145
2026-06-26,50.10454363671243
2026-06-29,49.601275485215126
2026-06-30,49.8195628921415
2026-07-01,49.6815386369882
2026-07-02,49.867072231915
2026-07-06,49.8931557012271
2026-07-07,49.85690097247713
2026-07-08,50.3784769652178
2026-07-09,50.35397145939089
2026-07-10,50.27029376946825
2026-07-13,50.40925580472824
2026-07-14,50.18332950185105
2026-07-15,50.01624726311631
2026-07-16,50.00585611656363
2026-07-17,50.043550270950774
2026-07-20,50.43252177866019
2026-07-21,50.48082531018977
2026-07-22,50.41962230635587
2026-07-23,49.893507387007304
2026-07-24,49.9429807520677
2026-07-27,49.893880742711616
2026-07-28,49.86049567283634
2026-07-29,50.04724222610949
2026-07-30,49.92362053965284
2026-07-31,49.609981219444535
2026-08-03,49.2352026402029
2026-08-04,49.28454921899154
2026-08-05,48.98921703484808
2026-08-06,48.92349666400978
2026-08-07,48.70080847128532
2026-08-10,48.30691812480934
2026-08-11,48.19003942445973
2026-08-12,48.117665203665766
2026-08-13,48.109936824271365
2026-08-14,47.94060577944394
2026-08-17,48.039526100915836
2026-08-18,48.015944285280256
2026-08-19,47.66003992983598
2026-08-20,47.82622302844711
2026-08-21,47.787983814997794
2026-08-24,47.66896363555487
2026-08-25,47.5199988162741
2026-08-26,47.380855519352885
2026-08-27,47.47771345392178
